species	transcript_id	seqid	strand	reference_pass	group	original_index0	reference_index0	original_found	original_boundary_conditional_logp	original_intron_feature_logp	original_boundary_joint_logp	original_source	original_chunk	original_chunk_offset	reference_found	reference_boundary_conditional_logp	reference_intron_feature_logp	reference_boundary_joint_logp	reference_source	reference_chunk	reference_chunk_offset	delta_boundary_conditional_logp	delta_intron_feature_logp	delta_boundary_joint_logp
Cquinoa	C_Quinoa_Scaffold_1000_gene_338.t1	C_Quinoa_Scaffold_1000	-	False	changed_donor	16146203	16139385	True	-0.0032087001518217306	-0.03014788311376293	-0.03326236752867473	genecad_result/predictions/Cquinoa_full_finetuned/C_Quinoa_Scaffold_1000/predictions_C_Quinoa_Scaffold_1000/predictions.0.zarr/negative	52	112178	True	-11.906262901756929	-0.001174172538468632	-11.907439579400682	genecad_result/predictions/Cquinoa_full_finetuned/C_Quinoa_Scaffold_1000/predictions_C_Quinoa_Scaffold_1000/predictions.0.zarr/negative	52	105360	-11.903054201605107	0.028973710575294298	-11.874177211872007
Cquinoa	C_Quinoa_Scaffold_1000_gene_343.t1	C_Quinoa_Scaffold_1000	-	True	exact_chain_control	16246392	16246392	True	-0.0039017895014770154	-0.06183022257798676	-0.06543647523985596	genecad_result/predictions/Cquinoa_full_finetuned/C_Quinoa_Scaffold_1000/predictions_C_Quinoa_Scaffold_1000/predictions.0.zarr/negative	51	71055	True	-0.0039017895014770154	-0.06183022257798676	-0.06543647523985596	genecad_result/predictions/Cquinoa_full_finetuned/C_Quinoa_Scaffold_1000/predictions_C_Quinoa_Scaffold_1000/predictions.0.zarr/negative	51	71055	0.0	0.0	0.0
Cquinoa	C_Quinoa_Scaffold_1034_gene_26.t1	C_Quinoa_Scaffold_1034	-	True	changed_donor	997595	996774	True	-0.0013456852544733167	-0.009738600130311248	-0.011073852793964889	genecad_result/predictions/Cquinoa_full_finetuned/C_Quinoa_Scaffold_1034/predictions_C_Quinoa_Scaffold_1034/predictions.0.zarr/negative	14	136796	True	-11.09377311450017	-0.015100560840440203	-11.1088909397074	genecad_result/predictions/Cquinoa_full_finetuned/C_Quinoa_Scaffold_1034/predictions_C_Quinoa_Scaffold_1034/predictions.0.zarr/negative	14	135975	-11.092427429245696	-0.005361960710128955	-11.097817086913436
Cquinoa	C_Quinoa_Scaffold_1034_gene_41.t1	C_Quinoa_Scaffold_1034	+	True	exact_chain_control	1715551	1715551	True	-0.006731033942730669	-0.03488541840049919	-0.04136458164594181	genecad_result/predictions/Cquinoa_full_finetuned/C_Quinoa_Scaffold_1034/predictions_C_Quinoa_Scaffold_1034/predictions.0.zarr/positive	12	19807	True	-0.006731033942730669	-0.03488541840049919	-0.04136458164594181	genecad_result/predictions/Cquinoa_full_finetuned/C_Quinoa_Scaffold_1034/predictions_C_Quinoa_Scaffold_1034/predictions.0.zarr/positive	12	19807	0.0	0.0	0.0
Cquinoa	C_Quinoa_Scaffold_1037_gene_42.t1	C_Quinoa_Scaffold_1037	+	True	changed_donor	1092970	1100956	True	-0.013818401853154416	-0.07455409783424694	-0.0884076454870577	genecad_result/predictions/Cquinoa_full_finetuned/C_Quinoa_Scaffold_1037/predictions_C_Quinoa_Scaffold_1037/predictions.0.zarr/positive	7	132458	True	-8.843927540451062	-0.006255090415098863	-8.850193099982576	genecad_result/predictions/Cquinoa_full_finetuned/C_Quinoa_Scaffold_1037/predictions_C_Quinoa_Scaffold_1037/predictions.0.zarr/positive	8	3228	-8.830109138597908	0.06829900741914807	-8.761785454495518
Cquinoa	C_Quinoa_Scaffold_1067_gene_39.t1	C_Quinoa_Scaffold_1067	-	False	changed_donor	537077	532868	True	-0.0052565856632460495	-0.09409764942645937	-0.09892161223982976	genecad_result/predictions/Cquinoa_full_finetuned/C_Quinoa_Scaffold_1067/predictions_C_Quinoa_Scaffold_1067/predictions.0.zarr/negative	0	62451	True	-0.0005272765356387765	-0.0020801656930773404	-0.002602255323677305	genecad_result/predictions/Cquinoa_full_finetuned/C_Quinoa_Scaffold_1067/predictions_C_Quinoa_Scaffold_1067/predictions.0.zarr/negative	0	58242	0.004729309127607273	0.09201748373338203	0.09631935691615245
Cquinoa	C_Quinoa_Scaffold_1105_gene_32.t1	C_Quinoa_Scaffold_1105	+	False	changed_donor	3593382	3593077	True	-8.93773962481728	-0.2884764105354565	-9.226188968627294	genecad_result/predictions/Cquinoa_full_finetuned/C_Quinoa_Scaffold_1105/predictions_C_Quinoa_Scaffold_1105/predictions.0.zarr/positive	24	103590	True	-0.04792582263708489	-0.26654704218357184	-0.3139270001145289	genecad_result/predictions/Cquinoa_full_finetuned/C_Quinoa_Scaffold_1105/predictions_C_Quinoa_Scaffold_1105/predictions.0.zarr/positive	24	103285	8.889813802180194	0.021929368351884637	8.912261968512766
Cquinoa	C_Quinoa_Scaffold_1181_gene_7.t1	C_Quinoa_Scaffold_1181	-	True	changed_donor	297129	295918	True	-0.0114443801675983	-0.04809123466875409	-0.05896217442821161	genecad_result/predictions/Cquinoa_full_finetuned/C_Quinoa_Scaffold_1181/predictions_C_Quinoa_Scaffold_1181/predictions.0.zarr/negative	7	128179	True	-8.40654178085559	-0.08459921305330642	-8.491303884510575	genecad_result/predictions/Cquinoa_full_finetuned/C_Quinoa_Scaffold_1181/predictions_C_Quinoa_Scaffold_1181/predictions.0.zarr/negative	7	126968	-8.395097400687993	-0.03650797838455233	-8.432341710082364
Cquinoa	C_Quinoa_Scaffold_1289_gene_1.t1	C_Quinoa_Scaffold_1289	-	True	changed_donor	505608	505694	True	-0.010461470273036344	-0.07297109314348971	-0.08271509799057908	genecad_result/predictions/Cquinoa_full_finetuned/C_Quinoa_Scaffold_1289/predictions_C_Quinoa_Scaffold_1289/predictions.0.zarr/negative	2	125604	True	-2.6499556247834875	-4.111737953848395	-6.762346155419659	genecad_result/predictions/Cquinoa_full_finetuned/C_Quinoa_Scaffold_1289/predictions_C_Quinoa_Scaffold_1289/predictions.0.zarr/negative	2	125690	-2.639494154510451	-4.038766860704905	-6.679631057429081
Cquinoa	C_Quinoa_Scaffold_1516_gene_56.t1	C_Quinoa_Scaffold_1516	-	False	changed_donor	612913	616534	True	-0.003919355431497351	-0.04371563525109057	-0.04742543858455406	genecad_result/predictions/Cquinoa_full_finetuned/C_Quinoa_Scaffold_1516/predictions_C_Quinoa_Scaffold_1516/predictions.0.zarr/negative	20	89163	True	-5.833126738748402	-4.8873767860702735	-10.72341155582552	genecad_result/predictions/Cquinoa_full_finetuned/C_Quinoa_Scaffold_1516/predictions_C_Quinoa_Scaffold_1516/predictions.0.zarr/negative	20	92784	-5.829207383316905	-4.843661150819183	-10.675986117240965
Cquinoa	C_Quinoa_Scaffold_1611_gene_339.t1	C_Quinoa_Scaffold_1611	-	False	changed_donor	4258020	4256182	True	-0.022437025529124188	-0.3013497542996082	-0.3220405213936277	genecad_result/predictions/Cquinoa_full_finetuned/C_Quinoa_Scaffold_1611/predictions_C_Quinoa_Scaffold_1611/predictions.0.zarr/negative	10	127187	True	-3.729479337819761	-0.1532687970181721	-3.8814009055124608	genecad_result/predictions/Cquinoa_full_finetuned/C_Quinoa_Scaffold_1611/predictions_C_Quinoa_Scaffold_1611/predictions.0.zarr/negative	10	125349	-3.707042312290637	0.1480809572814361	-3.559360384118833
Cquinoa	C_Quinoa_Scaffold_1710_gene_117.t1	C_Quinoa_Scaffold_1710	+	True	changed_donor	3456749	3458829	True	-0.002336038017396902	-0.01256711920255782	-0.01485761660296081	genecad_result/predictions/Cquinoa_full_finetuned/C_Quinoa_Scaffold_1710/predictions_C_Quinoa_Scaffold_1710/predictions.0.zarr/positive	23	112365	True	-0.00039929459036258663	-0.002439519118315303	-0.0028312090326609862	genecad_result/predictions/Cquinoa_full_finetuned/C_Quinoa_Scaffold_1710/predictions_C_Quinoa_Scaffold_1710/predictions.0.zarr/positive	23	114445	0.0019367434270343153	0.010127600084242516	0.012026407570299824
Cquinoa	C_Quinoa_Scaffold_1724_gene_1.t1	C_Quinoa_Scaffold_1724	+	True	changed_donor	862	2930	True	-0.0963460167140835	-0.49591614589139077	-0.5911124597782895	genecad_result/predictions/Cquinoa_full_finetuned/C_Quinoa_Scaffold_1724/predictions_C_Quinoa_Scaffold_1724/predictions.0.zarr/positive	0	862	True	-0.040021172691366846	-0.06089017219354709	-0.1003576769462482	genecad_result/predictions/Cquinoa_full_finetuned/C_Quinoa_Scaffold_1724/predictions_C_Quinoa_Scaffold_1724/predictions.0.zarr/positive	0	2930	0.05632484402271665	0.4350259736978437	0.4907547828320413
Cquinoa	C_Quinoa_Scaffold_1759_gene_33.t1	C_Quinoa_Scaffold_1759	-	False	changed_donor	841601	855623	True	-7.4695329043442555	-0.1726278447454126	-7.6421588902919755	genecad_result/predictions/Cquinoa_full_finetuned/C_Quinoa_Scaffold_1759/predictions_C_Quinoa_Scaffold_1759/predictions.0.zarr/negative	12	4427	True	-0.0023065428254920306	-0.022796488864388564	-0.02502253062120019	genecad_result/predictions/Cquinoa_full_finetuned/C_Quinoa_Scaffold_1759/predictions_C_Quinoa_Scaffold_1759/predictions.0.zarr/negative	12	18449	7.4672263615187635	0.14983135588102403	7.617136359670775
Cquinoa	C_Quinoa_Scaffold_1765_gene_36.t1	C_Quinoa_Scaffold_1765	+	True	changed_donor	472581	474377	True	-0.002610964890031653	-0.020795528132197205	-0.023349200043339735	genecad_result/predictions/Cquinoa_full_finetuned/C_Quinoa_Scaffold_1765/predictions_C_Quinoa_Scaffold_1765/predictions.0.zarr/positive	3	36357	True	-0.0003655350644953259	-0.00141627416346779	-0.0017834962399749799	genecad_result/predictions/Cquinoa_full_finetuned/C_Quinoa_Scaffold_1765/predictions_C_Quinoa_Scaffold_1765/predictions.0.zarr/positive	3	38153	0.002245429825536327	0.019379253968729415	0.021565703803364755
Cquinoa	C_Quinoa_Scaffold_1783_gene_190.t1	C_Quinoa_Scaffold_1783	+	False	changed_donor	1761618	1765321	True	-0.09061067794387911	-0.47746101108895944	-0.5688771979206502	genecad_result/predictions/Cquinoa_full_finetuned/C_Quinoa_Scaffold_1783/predictions_C_Quinoa_Scaffold_1783/predictions.0.zarr/positive	12	16722	True	-11.437516764369862	-0.01893309232458762	-11.456462063835264	genecad_result/predictions/Cquinoa_full_finetuned/C_Quinoa_Scaffold_1783/predictions_C_Quinoa_Scaffold_1783/predictions.0.zarr/positive	12	20425	-11.346906086425983	0.4585279187643718	-10.887584865914615
Cquinoa	C_Quinoa_Scaffold_1817_gene_72.t1	C_Quinoa_Scaffold_1817	-	True	exact_chain_control	725407	725407	True	-0.003841534290498494	-0.03484146250202702	-0.03854490633876484	genecad_result/predictions/Cquinoa_full_finetuned/C_Quinoa_Scaffold_1817/predictions_C_Quinoa_Scaffold_1817/predictions.0.zarr/negative	18	63008	True	-0.003841534290498494	-0.03484146250202702	-0.03854490633876484	genecad_result/predictions/Cquinoa_full_finetuned/C_Quinoa_Scaffold_1817/predictions_C_Quinoa_Scaffold_1817/predictions.0.zarr/negative	18	63008	0.0	0.0	0.0
Cquinoa	C_Quinoa_Scaffold_1895_gene_53.t1	C_Quinoa_Scaffold_1895	-	False	changed_donor	1611769	1608863	True	-10.906279730171239	-0.32482659894626575	-11.23114226672459	genecad_result/predictions/Cquinoa_full_finetuned/C_Quinoa_Scaffold_1895/predictions_C_Quinoa_Scaffold_1895/predictions.0.zarr/negative	7	99090	True	-0.001581582456849695	-0.007569706656447295	-0.009147415566747696	genecad_result/predictions/Cquinoa_full_finetuned/C_Quinoa_Scaffold_1895/predictions_C_Quinoa_Scaffold_1895/predictions.0.zarr/negative	7	96184	10.904698147714388	0.31725689228981846	11.221994851157842
Cquinoa	C_Quinoa_Scaffold_1971_gene_392.t1	C_Quinoa_Scaffold_1971	+	True	exact_chain_control	4196823	4196823	True	-0.003638820567402057	-0.04214844485036995	-0.04566412398060127	genecad_result/predictions/Cquinoa_full_finetuned/C_Quinoa_Scaffold_1971/predictions_C_Quinoa_Scaffold_1971/predictions.0.zarr/positive	28	125399	True	-0.003638820567402057	-0.04214844485036995	-0.04566412398060127	genecad_result/predictions/Cquinoa_full_finetuned/C_Quinoa_Scaffold_1971/predictions_C_Quinoa_Scaffold_1971/predictions.0.zarr/positive	28	125399	0.0	0.0	0.0
Cquinoa	C_Quinoa_Scaffold_1971_gene_414.t1	C_Quinoa_Scaffold_1971	+	True	exact_chain_control	4350057	4350057	True	-0.007328405479317901	-0.040839549329585	-0.04788723161724473	genecad_result/predictions/Cquinoa_full_finetuned/C_Quinoa_Scaffold_1971/predictions_C_Quinoa_Scaffold_1971/predictions.0.zarr/positive	29	133225	True	-0.007328405479317901	-0.040839549329585	-0.04788723161724473	genecad_result/predictions/Cquinoa_full_finetuned/C_Quinoa_Scaffold_1971/predictions_C_Quinoa_Scaffold_1971/predictions.0.zarr/positive	29	133225	0.0	0.0	0.0
Cquinoa	C_Quinoa_Scaffold_1995_gene_360.t1	C_Quinoa_Scaffold_1995	+	False	changed_donor	4171382	4172401	True	-0.013403892282842556	-0.14502201338212117	-0.1586926175701282	genecad_result/predictions/Cquinoa_full_finetuned/C_Quinoa_Scaffold_1995/predictions_C_Quinoa_Scaffold_1995/predictions.0.zarr/positive	28	99958	True	-3.380959115791594	-0.12805728217388035	-3.5080503780196226	genecad_result/predictions/Cquinoa_full_finetuned/C_Quinoa_Scaffold_1995/predictions_C_Quinoa_Scaffold_1995/predictions.0.zarr/positive	28	100977	-3.3675552235087514	0.016964731208240824	-3.3493577604494944
Cquinoa	C_Quinoa_Scaffold_2008_gene_1.t1	C_Quinoa_Scaffold_2008	-	True	changed_donor	20783	38847	True	-9.937563152821184	-0.13284998227792588	-10.070508659939616	genecad_result/predictions/Cquinoa_full_finetuned/C_Quinoa_Scaffold_2008/predictions_C_Quinoa_Scaffold_2008/predictions.0.zarr/negative	43	53551	True	-0.0004556031368139202	-0.0035842561696481923	-0.004039461819061785	genecad_result/predictions/Cquinoa_full_finetuned/C_Quinoa_Scaffold_2008/predictions_C_Quinoa_Scaffold_2008/predictions.0.zarr/negative	43	71615	9.93710754968437	0.1292657261082777	10.066469198120554
Cquinoa	C_Quinoa_Scaffold_2080_gene_91.t1	C_Quinoa_Scaffold_2080	-	True	changed_donor	685121	705747	True	-0.011110290198730777	-0.10583922390232292	-0.11591109992214577	genecad_result/predictions/Cquinoa_full_finetuned/C_Quinoa_Scaffold_2080/predictions_C_Quinoa_Scaffold_2080/predictions.0.zarr/negative	0	84953	True	-0.003251681063541234	-0.013721363059689295	-0.016934043566294577	genecad_result/predictions/Cquinoa_full_finetuned/C_Quinoa_Scaffold_2080/predictions_C_Quinoa_Scaffold_2080/predictions.0.zarr/negative	0	105579	0.007858609135189543	0.09211786084263363	0.09897705635585119
Cquinoa	C_Quinoa_Scaffold_2088_gene_357.t1	C_Quinoa_Scaffold_2088	-	True	exact_chain_control	2943736	2943736	True	-0.007187339547868543	-0.07472753305369162	-0.08142184415510645	genecad_result/predictions/Cquinoa_full_finetuned/C_Quinoa_Scaffold_2088/predictions_C_Quinoa_Scaffold_2088/predictions.0.zarr/negative	74	116402	True	-0.007187339547868543	-0.07472753305369162	-0.08142184415510645	genecad_result/predictions/Cquinoa_full_finetuned/C_Quinoa_Scaffold_2088/predictions_C_Quinoa_Scaffold_2088/predictions.0.zarr/negative	74	116402	0.0	0.0	0.0
Cquinoa	C_Quinoa_Scaffold_2088_gene_988.t1	C_Quinoa_Scaffold_2088	+	True	exact_chain_control	9432658	9432658	True	-0.008378236167033482	-0.0706607045433989	-0.07842071594492728	genecad_result/predictions/Cquinoa_full_finetuned/C_Quinoa_Scaffold_2088/predictions_C_Quinoa_Scaffold_2088/predictions.0.zarr/positive	64	126546	True	-0.008378236167033482	-0.0706607045433989	-0.07842071594492728	genecad_result/predictions/Cquinoa_full_finetuned/C_Quinoa_Scaffold_2088/predictions_C_Quinoa_Scaffold_2088/predictions.0.zarr/positive	64	126546	0.0	0.0	0.0
Cquinoa	C_Quinoa_Scaffold_2088_gene_1283.t1	C_Quinoa_Scaffold_2088	+	True	changed_donor	13571235	13573175	True	-0.02424361888617188	-0.1885181742969042	-0.21135611693319545	genecad_result/predictions/Cquinoa_full_finetuned/C_Quinoa_Scaffold_2088/predictions_C_Quinoa_Scaffold_2088/predictions.0.zarr/positive	93	48291	True	-0.0009262344095413155	-0.003213377147787355	-0.004136377699503591	genecad_result/predictions/Cquinoa_full_finetuned/C_Quinoa_Scaffold_2088/predictions_C_Quinoa_Scaffold_2088/predictions.0.zarr/positive	93	50231	0.023317384476630565	0.18530479714911685	0.20721973923369186
Cquinoa	C_Quinoa_Scaffold_2088_gene_1284.t1	C_Quinoa_Scaffold_2088	+	True	exact_chain_control	13595746	13595746	True	-0.008717078870709383	-0.18212255836279923	-0.18936249477987754	genecad_result/predictions/Cquinoa_full_finetuned/C_Quinoa_Scaffold_2088/predictions_C_Quinoa_Scaffold_2088/predictions.0.zarr/positive	93	72802	True	-0.008717078870709383	-0.18212255836279923	-0.18936249477987754	genecad_result/predictions/Cquinoa_full_finetuned/C_Quinoa_Scaffold_2088/predictions_C_Quinoa_Scaffold_2088/predictions.0.zarr/positive	93	72802	0.0	0.0	0.0
Cquinoa	C_Quinoa_Scaffold_2127_gene_227.t1	C_Quinoa_Scaffold_2127	+	True	changed_donor	6457365	6459153	True	-10.968793468013791	-0.0780711997198189	-11.046838948564304	genecad_result/predictions/Cquinoa_full_finetuned/C_Quinoa_Scaffold_2127/predictions_C_Quinoa_Scaffold_2127/predictions.0.zarr/positive	44	59413	True	-9.656354557784754	-0.10324908899014895	-9.75967021992274	genecad_result/predictions/Cquinoa_full_finetuned/C_Quinoa_Scaffold_2127/predictions_C_Quinoa_Scaffold_2127/predictions.0.zarr/positive	44	61201	1.3124389102290372	-0.025177889270330045	1.2871687286415643
Cquinoa	C_Quinoa_Scaffold_2371_gene_17.t1	C_Quinoa_Scaffold_2371	+	True	changed_donor	565384	567262	True	-0.00615215075294806	-0.026412487811963814	-0.032411172587386794	genecad_result/predictions/Cquinoa_full_finetuned/C_Quinoa_Scaffold_2371/predictions_C_Quinoa_Scaffold_2371/predictions.0.zarr/positive	4	16520	True	-0.000622957065525398	-0.0029991152419537315	-0.003624104638314307	genecad_result/predictions/Cquinoa_full_finetuned/C_Quinoa_Scaffold_2371/predictions_C_Quinoa_Scaffold_2371/predictions.0.zarr/positive	4	18398	0.005529193687422662	0.023413372570010083	0.028787067949072487
Cquinoa	C_Quinoa_Scaffold_2412_gene_91.t1	C_Quinoa_Scaffold_2412	-	True	changed_donor	1896688	1895177	True	-0.005878189631719266	-0.051467522928882126	-0.057027339367988095	genecad_result/predictions/Cquinoa_full_finetuned/C_Quinoa_Scaffold_2412/predictions_C_Quinoa_Scaffold_2412/predictions.0.zarr/negative	15	54414	True	-8.547192603531705	-0.035910682060572796	-8.583103614457265	genecad_result/predictions/Cquinoa_full_finetuned/C_Quinoa_Scaffold_2412/predictions_C_Quinoa_Scaffold_2412/predictions.0.zarr/negative	15	52903	-8.541314413899986	0.01555684086830933	-8.526076275089277
Cquinoa	C_Quinoa_Scaffold_2487_gene_132.t1	C_Quinoa_Scaffold_2487	-	False	changed_donor	3637034	3634300	True	-0.035402200346849266	-0.24165011837652184	-0.27598178416151775	genecad_result/predictions/Cquinoa_full_finetuned/C_Quinoa_Scaffold_2487/predictions_C_Quinoa_Scaffold_2487/predictions.0.zarr/negative	7	113489	True	-5.7229812267419256	-0.056701055021693314	-5.779379113110615	genecad_result/predictions/Cquinoa_full_finetuned/C_Quinoa_Scaffold_2487/predictions_C_Quinoa_Scaffold_2487/predictions.0.zarr/negative	7	110755	-5.687579026395076	0.18494906335482852	-5.503397328949097
Cquinoa	C_Quinoa_Scaffold_2493_gene_126.t1	C_Quinoa_Scaffold_2493	-	True	changed_donor	1600577	1599346	True	-0.006582297482416344	-0.04150054362436251	-0.04783395968967685	genecad_result/predictions/Cquinoa_full_finetuned/C_Quinoa_Scaffold_2493/predictions_C_Quinoa_Scaffold_2493/predictions.0.zarr/negative	24	138904	True	-9.5938377379319	-0.03689744476262646	-9.630786295604834	genecad_result/predictions/Cquinoa_full_finetuned/C_Quinoa_Scaffold_2493/predictions_C_Quinoa_Scaffold_2493/predictions.0.zarr/negative	24	137673	-9.587255440449482	0.0046030988617360435	-9.582952335915156
Cquinoa	C_Quinoa_Scaffold_2528_gene_24.t1	C_Quinoa_Scaffold_2528	-	False	changed_donor	205721	205896	True	-9.687583034006957	-0.13581699128221913	-9.823480260226539	genecad_result/predictions/Cquinoa_full_finetuned/C_Quinoa_Scaffold_2528/predictions_C_Quinoa_Scaffold_2528/predictions.0.zarr/negative	3	62719	True	-0.013797480804917939	-0.21913644305278313	-0.2332889776420224	genecad_result/predictions/Cquinoa_full_finetuned/C_Quinoa_Scaffold_2528/predictions_C_Quinoa_Scaffold_2528/predictions.0.zarr/negative	3	62894	9.67378555320204	-0.08331945177056399	9.590191282584517
Cquinoa	C_Quinoa_Scaffold_2596_gene_1.t1	C_Quinoa_Scaffold_2596	-	True	changed_donor	7984	4151	True	-9.000154906592744	-0.3087557506808638	-9.30905982981502	genecad_result/predictions/Cquinoa_full_finetuned/C_Quinoa_Scaffold_2596/predictions_C_Quinoa_Scaffold_2596/predictions.0.zarr/negative	0	7984	True	-10.531310011812124	-0.008280488217673465	-10.53958977776172	genecad_result/predictions/Cquinoa_full_finetuned/C_Quinoa_Scaffold_2596/predictions_C_Quinoa_Scaffold_2596/predictions.0.zarr/negative	0	4151	-1.53115510521938	0.30047526246319034	-1.2305299479466996
Cquinoa	C_Quinoa_Scaffold_2646_gene_616.t1	C_Quinoa_Scaffold_2646	-	True	exact_chain_control	7586966	7586966	True	-0.008319540597816033	-0.08184754023022034	-0.08946759022162931	genecad_result/predictions/Cquinoa_full_finetuned/C_Quinoa_Scaffold_2646/predictions_C_Quinoa_Scaffold_2646/predictions.0.zarr/negative	2	67955	True	-0.008319540597816033	-0.08184754023022034	-0.08946759022162931	genecad_result/predictions/Cquinoa_full_finetuned/C_Quinoa_Scaffold_2646/predictions_C_Quinoa_Scaffold_2646/predictions.0.zarr/negative	2	67955	0.0	0.0	0.0
Cquinoa	C_Quinoa_Scaffold_2654_gene_44.t1	C_Quinoa_Scaffold_2654	+	True	exact_chain_control	2247140	2247140	True	-0.08684800976868834	-0.30310192279310844	-0.3915868034856196	genecad_result/predictions/Cquinoa_full_finetuned/C_Quinoa_Scaffold_2654/predictions_C_Quinoa_Scaffold_2654/predictions.0.zarr/positive	15	66020	True	-0.08684800976868834	-0.30310192279310844	-0.3915868034856196	genecad_result/predictions/Cquinoa_full_finetuned/C_Quinoa_Scaffold_2654/predictions_C_Quinoa_Scaffold_2654/predictions.0.zarr/positive	15	66020	0.0	0.0	0.0
Cquinoa	C_Quinoa_Scaffold_2716_gene_906.t1	C_Quinoa_Scaffold_2716	-	True	changed_donor	8866632	8864399	True	-0.006768008360228617	-0.04859425618262225	-0.05507093902704252	genecad_result/predictions/Cquinoa_full_finetuned/C_Quinoa_Scaffold_2716/predictions_C_Quinoa_Scaffold_2716/predictions.0.zarr/negative	7	104709	True	-0.0003518181264441367	-0.0023410998920354587	-0.0026884228852992464	genecad_result/predictions/Cquinoa_full_finetuned/C_Quinoa_Scaffold_2716/predictions_C_Quinoa_Scaffold_2716/predictions.0.zarr/negative	7	102476	0.00641619023378448	0.046253156290586794	0.052382516141743274
Cquinoa	C_Quinoa_Scaffold_2742_gene_37.t1	C_Quinoa_Scaffold_2742	-	True	changed_donor	1660718	1674295	True	-12.062509438750173	-0.07156802268956941	-12.134087616597002	genecad_result/predictions/Cquinoa_full_finetuned/C_Quinoa_Scaffold_2742/predictions_C_Quinoa_Scaffold_2742/predictions.0.zarr/negative	19	92076	True	-0.0014417946776834611	-0.011162268702421763	-0.012585235170695874	genecad_result/predictions/Cquinoa_full_finetuned/C_Quinoa_Scaffold_2742/predictions_C_Quinoa_Scaffold_2742/predictions.0.zarr/negative	17	113845	12.061067644072489	0.06040575398714765	12.121502381426307
Cquinoa	C_Quinoa_Scaffold_2773_gene_20.t1	C_Quinoa_Scaffold_2773	-	True	changed_donor	739363	750616	True	-0.0049584524617838355	-0.05051875795261518	-0.055244319128200825	genecad_result/predictions/Cquinoa_full_finetuned/C_Quinoa_Scaffold_2773/predictions_C_Quinoa_Scaffold_2773/predictions.0.zarr/negative	24	72183	True	-0.04341773209221156	-0.22692538791581152	-0.2710735418148138	genecad_result/predictions/Cquinoa_full_finetuned/C_Quinoa_Scaffold_2773/predictions_C_Quinoa_Scaffold_2773/predictions.0.zarr/negative	24	83436	-0.03845927963042772	-0.17640662996319634	-0.21582922268661298
Cquinoa	C_Quinoa_Scaffold_2862_gene_58.t1	C_Quinoa_Scaffold_2862	-	True	changed_donor	837382	835430	True	-0.020656704831472972	-0.39433992245247973	-0.4131955885583687	genecad_result/predictions/Cquinoa_full_finetuned/C_Quinoa_Scaffold_2862/predictions_C_Quinoa_Scaffold_2862/predictions.0.zarr/negative	16	87433	True	-10.437538631463166	-0.0925920896554393	-10.53016470296592	genecad_result/predictions/Cquinoa_full_finetuned/C_Quinoa_Scaffold_2862/predictions_C_Quinoa_Scaffold_2862/predictions.0.zarr/negative	16	85481	-10.416881926631692	0.3017478327970404	-10.116969114407551
Cquinoa	C_Quinoa_Scaffold_2868_gene_90.t1	C_Quinoa_Scaffold_2868	-	False	changed_donor	2822199	2817334	True	-0.004077460437262204	-0.03997973919606679	-0.04392917546922881	genecad_result/predictions/Cquinoa_full_finetuned/C_Quinoa_Scaffold_2868/predictions_C_Quinoa_Scaffold_2868/predictions.0.zarr/negative	1	102106	True	-11.250020433185096	-0.0016350331998262746	-11.251658793321369	genecad_result/predictions/Cquinoa_full_finetuned/C_Quinoa_Scaffold_2868/predictions_C_Quinoa_Scaffold_2868/predictions.0.zarr/negative	1	97241	-11.245942972747834	0.03834470599624051	-11.20772961785214
Cquinoa	C_Quinoa_Scaffold_2868_gene_95.t1	C_Quinoa_Scaffold_2868	-	True	exact_chain_control	2957554	2957554	True	-0.002334728146955456	-0.021436910950447974	-0.02370831912219007	genecad_result/predictions/Cquinoa_full_finetuned/C_Quinoa_Scaffold_2868/predictions_C_Quinoa_Scaffold_2868/predictions.0.zarr/negative	0	94101	True	-0.002334728146955456	-0.021436910950447974	-0.02370831912219007	genecad_result/predictions/Cquinoa_full_finetuned/C_Quinoa_Scaffold_2868/predictions_C_Quinoa_Scaffold_2868/predictions.0.zarr/negative	0	94101	0.0	0.0	0.0
Cquinoa	C_Quinoa_Scaffold_2909_gene_75.t1	C_Quinoa_Scaffold_2909	+	False	changed_donor	3147956	3146246	True	-11.468764471712078	-0.16330088087430195	-11.632100999903717	genecad_result/predictions/Cquinoa_full_finetuned/C_Quinoa_Scaffold_2909/predictions_C_Quinoa_Scaffold_2909/predictions.0.zarr/positive	21	94388	True	-6.553906627844107	-4.084317242827744	-10.635074755637067	genecad_result/predictions/Cquinoa_full_finetuned/C_Quinoa_Scaffold_2909/predictions_C_Quinoa_Scaffold_2909/predictions.0.zarr/positive	21	92678	4.914857843867971	-3.921016361953442	0.9970262442666495
Cquinoa	C_Quinoa_Scaffold_2939_gene_66.t1	C_Quinoa_Scaffold_2939	-	True	exact_chain_control	1054318	1054318	True	-0.003758765801692654	-0.0404212855265742	-0.04405783138858599	genecad_result/predictions/Cquinoa_full_finetuned/C_Quinoa_Scaffold_2939/predictions_C_Quinoa_Scaffold_2939/predictions.0.zarr/negative	13	73069	True	-0.003758765801692654	-0.0404212855265742	-0.04405783138858599	genecad_result/predictions/Cquinoa_full_finetuned/C_Quinoa_Scaffold_2939/predictions_C_Quinoa_Scaffold_2939/predictions.0.zarr/negative	13	73069	0.0	0.0	0.0
Cquinoa	C_Quinoa_Scaffold_3298_gene_151.t1	C_Quinoa_Scaffold_3298	+	True	changed_donor	6510521	6512407	True	-0.005040582258970083	-0.10040957034540998	-0.10489447586710288	genecad_result/predictions/Cquinoa_full_finetuned/C_Quinoa_Scaffold_3298/predictions_C_Quinoa_Scaffold_3298/predictions.0.zarr/positive	44	112569	True	-9.781324911972018	-0.024612465510039705	-9.805979116612434	genecad_result/predictions/Cquinoa_full_finetuned/C_Quinoa_Scaffold_3298/predictions_C_Quinoa_Scaffold_3298/predictions.0.zarr/positive	44	114455	-9.776284329713047	0.07579710483537028	-9.701084640745332
Cquinoa	C_Quinoa_Scaffold_3333_gene_298.t1	C_Quinoa_Scaffold_3333	-	False	changed_donor	2805182	2802344	True	-0.010196049228406334	-0.10161806921067784	-0.11083390779985569	genecad_result/predictions/Cquinoa_full_finetuned/C_Quinoa_Scaffold_3333/predictions_C_Quinoa_Scaffold_3333/predictions.0.zarr/negative	17	100338	True	-6.426174082485913	-0.03859198992570034	-6.464716819817067	genecad_result/predictions/Cquinoa_full_finetuned/C_Quinoa_Scaffold_3333/predictions_C_Quinoa_Scaffold_3333/predictions.0.zarr/negative	17	97500	-6.415978033257506	0.0630260792849775	-6.353882912017211
Cquinoa	C_Quinoa_Scaffold_3379_gene_14.t1	C_Quinoa_Scaffold_3379	+	False	changed_donor	528959	530090	True	-0.037561449112876844	-0.48117608709406934	-0.5163152310335466	genecad_result/predictions/Cquinoa_full_finetuned/C_Quinoa_Scaffold_3379/predictions_C_Quinoa_Scaffold_3379/predictions.0.zarr/positive	3	117311	True	-7.391557165997341	-0.5476504603693013	-7.938520043117504	genecad_result/predictions/Cquinoa_full_finetuned/C_Quinoa_Scaffold_3379/predictions_C_Quinoa_Scaffold_3379/predictions.0.zarr/positive	3	118442	-7.353995716884464	-0.06647437327523198	-7.422204812083957
Cquinoa	C_Quinoa_Scaffold_3389_gene_148.t1	C_Quinoa_Scaffold_3389	-	False	changed_donor	3037772	3030534	True	-9.968834868126923	-0.18880762585246158	-10.157693174397213	genecad_result/predictions/Cquinoa_full_finetuned/C_Quinoa_Scaffold_3389/predictions_C_Quinoa_Scaffold_3389/predictions.0.zarr/negative	35	5634	True	-0.0009747933950814414	-0.003899155249951214	-0.004872935236100773	genecad_result/predictions/Cquinoa_full_finetuned/C_Quinoa_Scaffold_3389/predictions_C_Quinoa_Scaffold_3389/predictions.0.zarr/negative	34	143804	9.967860074731842	0.18490847060251037	10.152820239161112
Cquinoa	C_Quinoa_Scaffold_3514_gene_121.t1	C_Quinoa_Scaffold_3514	-	False	changed_donor	926802	924793	True	-0.0072425429527873675	-0.06537004413478309	-0.07217488752876688	genecad_result/predictions/Cquinoa_full_finetuned/C_Quinoa_Scaffold_3514/predictions_C_Quinoa_Scaffold_3514/predictions.0.zarr/negative	20	30365	True	-6.392517543454989	-0.0567208693355572	-6.449030735609869	genecad_result/predictions/Cquinoa_full_finetuned/C_Quinoa_Scaffold_3514/predictions_C_Quinoa_Scaffold_3514/predictions.0.zarr/negative	20	28356	-6.385275000502202	0.00864917479922589	-6.376855848081101
Cquinoa	C_Quinoa_Scaffold_3624_gene_11.t1	C_Quinoa_Scaffold_3624	-	False	changed_donor	464138	461078	True	-10.156305128014516	-0.2448095811816362	-10.401191118057401	genecad_result/predictions/Cquinoa_full_finetuned/C_Quinoa_Scaffold_3624/predictions_C_Quinoa_Scaffold_3624/predictions.0.zarr/negative	4	56524	True	-9.515755216248671	-0.0031774825136388074	-9.518931351440727	genecad_result/predictions/Cquinoa_full_finetuned/C_Quinoa_Scaffold_3624/predictions_C_Quinoa_Scaffold_3624/predictions.0.zarr/negative	4	53464	0.6405499117658451	0.2416320986679974	0.8822597666166736
Cquinoa	C_Quinoa_Scaffold_3787_gene_278.t1	C_Quinoa_Scaffold_3787	+	False	changed_donor	3310393	3313356	True	-0.006454974765398358	-0.09500177477738347	-0.10080672176566852	genecad_result/predictions/Cquinoa_full_finetuned/C_Quinoa_Scaffold_3787/predictions_C_Quinoa_Scaffold_3787/predictions.0.zarr/positive	22	111417	True	-7.844566036067557	-0.014414147635833707	-7.858925619418184	genecad_result/predictions/Cquinoa_full_finetuned/C_Quinoa_Scaffold_3787/predictions_C_Quinoa_Scaffold_3787/predictions.0.zarr/positive	22	114380	-7.838111061302159	0.08058762714154977	-7.7581188976525155
Cquinoa	C_Quinoa_Scaffold_3799_gene_27.t1	C_Quinoa_Scaffold_3799	-	False	changed_donor	415326	412865	True	-9.21889209824473	-0.2885619447574901	-9.507603551916654	genecad_result/predictions/Cquinoa_full_finetuned/C_Quinoa_Scaffold_3799/predictions_C_Quinoa_Scaffold_3799/predictions.0.zarr/negative	36	55713	True	-0.0031809143761174496	-0.011171193834256243	-0.0143037683816436	genecad_result/predictions/Cquinoa_full_finetuned/C_Quinoa_Scaffold_3799/predictions_C_Quinoa_Scaffold_3799/predictions.0.zarr/negative	36	53252	9.215711183868613	0.27739075092323384	9.493299783535011
Cquinoa	C_Quinoa_Scaffold_3799_gene_200.t1	C_Quinoa_Scaffold_3799	+	True	changed_donor	2297875	2299763	True	-0.01578001848332944	-0.03905828430341263	-0.0548356914950654	genecad_result/predictions/Cquinoa_full_finetuned/C_Quinoa_Scaffold_3799/predictions_C_Quinoa_Scaffold_3799/predictions.0.zarr/positive	15	116755	True	-0.00035978020782234665	-0.0016841921661185921	-0.0020438211232036707	genecad_result/predictions/Cquinoa_full_finetuned/C_Quinoa_Scaffold_3799/predictions_C_Quinoa_Scaffold_3799/predictions.0.zarr/positive	15	118643	0.015420238275507092	0.037374092137294035	0.05279187037186173
Cquinoa	C_Quinoa_Scaffold_3820_gene_166.t1	C_Quinoa_Scaffold_3820	-	True	exact_chain_control	5699222	5699222	True	-0.0062288004901227545	-0.10947144151893884	-0.11505220328112475	genecad_result/predictions/Cquinoa_full_finetuned/C_Quinoa_Scaffold_3820/predictions_C_Quinoa_Scaffold_3820/predictions.0.zarr/negative	47	32542	True	-0.0062288004901227545	-0.10947144151893884	-0.11505220328112475	genecad_result/predictions/Cquinoa_full_finetuned/C_Quinoa_Scaffold_3820/predictions_C_Quinoa_Scaffold_3820/predictions.0.zarr/negative	47	32542	0.0	0.0	0.0
Cquinoa	C_Quinoa_Scaffold_3820_gene_215.t1	C_Quinoa_Scaffold_3820	+	True	changed_donor	6826492	6826450	True	-0.05803871828030438	-0.1239371987696738	-0.18236072291955763	genecad_result/predictions/Cquinoa_full_finetuned/C_Quinoa_Scaffold_3820/predictions_C_Quinoa_Scaffold_3820/predictions.0.zarr/positive	46	137724	True	-3.1025296517882337	-2.6451050785597374	-5.747203383807557	genecad_result/predictions/Cquinoa_full_finetuned/C_Quinoa_Scaffold_3820/predictions_C_Quinoa_Scaffold_3820/predictions.0.zarr/positive	46	137682	-3.0444909335079293	-2.5211678797900636	-5.564842660887999
Cquinoa	C_Quinoa_Scaffold_3820_gene_481.t1	C_Quinoa_Scaffold_3820	-	True	changed_donor	10684206	10682008	True	-0.010856426734886515	-0.11759062093136263	-0.12721205363474253	genecad_result/predictions/Cquinoa_full_finetuned/C_Quinoa_Scaffold_3820/predictions_C_Quinoa_Scaffold_3820/predictions.0.zarr/negative	12	71606	True	-0.0024529327817202073	-0.008117917256008411	-0.010553542945880956	genecad_result/predictions/Cquinoa_full_finetuned/C_Quinoa_Scaffold_3820/predictions_C_Quinoa_Scaffold_3820/predictions.0.zarr/negative	12	69408	0.008403493953166308	0.10947270367535422	0.11665851068886157
Cquinoa	C_Quinoa_Scaffold_4044_gene_13.t1	C_Quinoa_Scaffold_4044	+	True	changed_donor	1556794	1563651	True	-0.04846638647214663	-0.39174507440555395	-0.4394470275775517	genecad_result/predictions/Cquinoa_full_finetuned/C_Quinoa_Scaffold_4044/predictions_C_Quinoa_Scaffold_4044/predictions.0.zarr/positive	11	2362	True	-0.0009943746361527062	-0.0033854154954333637	-0.004374270562580662	genecad_result/predictions/Cquinoa_full_finetuned/C_Quinoa_Scaffold_4044/predictions_C_Quinoa_Scaffold_4044/predictions.0.zarr/positive	11	9219	0.04747201183599392	0.3883596589101206	0.43507275701497106
Cquinoa	C_Quinoa_Scaffold_4087_gene_102.t1	C_Quinoa_Scaffold_4087	+	True	changed_donor	1283669	1285738	True	-0.006659513016932017	-0.09905046197431844	-0.10503731547614148	genecad_result/predictions/Cquinoa_full_finetuned/C_Quinoa_Scaffold_4087/predictions_C_Quinoa_Scaffold_4087/predictions.0.zarr/positive	8	120405	True	-0.000455365805189345	-0.0019634392142933166	-0.0024159309561317954	genecad_result/predictions/Cquinoa_full_finetuned/C_Quinoa_Scaffold_4087/predictions_C_Quinoa_Scaffold_4087/predictions.0.zarr/positive	8	122474	0.006204147211742672	0.09708702276002512	0.10262138452000968
Cquinoa	C_Quinoa_Scaffold_4119_gene_64.t1	C_Quinoa_Scaffold_4119	-	True	changed_donor	767081	769931	True	-0.0028938668301519144	-0.027444988323510167	-0.030268620549336767	genecad_result/predictions/Cquinoa_full_finetuned/C_Quinoa_Scaffold_4119/predictions_C_Quinoa_Scaffold_4119/predictions.0.zarr/negative	17	38869	True	-5.911273170078092	-5.672688077079375	-11.58675344415472	genecad_result/predictions/Cquinoa_full_finetuned/C_Quinoa_Scaffold_4119/predictions_C_Quinoa_Scaffold_4119/predictions.0.zarr/negative	17	41719	-5.90837930324794	-5.645243088755865	-11.556484823605384
Cquinoa	C_Quinoa_Scaffold_4209_gene_52.t1	C_Quinoa_Scaffold_4209	-	True	changed_donor	3619693	3622356	True	-0.1220037948195336	-0.09505937165140388	-0.21735771816441352	genecad_result/predictions/Cquinoa_full_finetuned/C_Quinoa_Scaffold_4209/predictions_C_Quinoa_Scaffold_4209/predictions.0.zarr/negative	21	73500	True	-0.09578817084136326	-0.7253356391999519	-0.8200840944946597	genecad_result/predictions/Cquinoa_full_finetuned/C_Quinoa_Scaffold_4209/predictions_C_Quinoa_Scaffold_4209/predictions.0.zarr/negative	19	88451	0.026215623978170344	-0.630276267548548	-0.6027263763302462
Cquinoa	C_Quinoa_Scaffold_4244_gene_128.t1	C_Quinoa_Scaffold_4244	+	True	changed_donor	7851261	7850946	True	-0.005189183810310638	-0.07053487394469515	-0.07533347622378228	genecad_result/predictions/Cquinoa_full_finetuned/C_Quinoa_Scaffold_4244/predictions_C_Quinoa_Scaffold_4244/predictions.0.zarr/positive	53	144637	True	-5.820945106264697	-4.616372076720646	-10.440543461446952	genecad_result/predictions/Cquinoa_full_finetuned/C_Quinoa_Scaffold_4244/predictions_C_Quinoa_Scaffold_4244/predictions.0.zarr/positive	53	144322	-5.815755922454386	-4.545837202775951	-10.365209985223169
Cquinoa	C_Quinoa_Scaffold_4266_gene_84.t1	C_Quinoa_Scaffold_4266	-	True	changed_donor	2190697	2188071	True	-0.01045517721940703	-0.05933213466021581	-0.06917946839216782	genecad_result/predictions/Cquinoa_full_finetuned/C_Quinoa_Scaffold_4266/predictions_C_Quinoa_Scaffold_4266/predictions.0.zarr/negative	0	26785	True	-12.062508193257889	-0.0016843599503815199	-12.064195933507932	genecad_result/predictions/Cquinoa_full_finetuned/C_Quinoa_Scaffold_4266/predictions_C_Quinoa_Scaffold_4266/predictions.0.zarr/negative	0	24159	-12.052053016038482	0.05764777470983429	-11.995016465115764
Cquinoa	C_Quinoa_Scaffold_4329_gene_10.t1	C_Quinoa_Scaffold_4329	+	False	changed_donor	230580	232394	True	-0.005447247548339362	-0.04937375737891392	-0.05454248132924011	genecad_result/predictions/Cquinoa_full_finetuned/C_Quinoa_Scaffold_4329/predictions_C_Quinoa_Scaffold_4329/predictions.0.zarr/positive	1	89268	True	-0.000506232424633879	-0.0022649057775971926	-0.0027675979929355776	genecad_result/predictions/Cquinoa_full_finetuned/C_Quinoa_Scaffold_4329/predictions_C_Quinoa_Scaffold_4329/predictions.0.zarr/positive	1	91082	0.004941015123705483	0.047108851601316726	0.051774883336304534
Cquinoa	C_Quinoa_Scaffold_4480_gene_453.t1	C_Quinoa_Scaffold_4480	+	True	changed_donor	4466885	4468756	True	-12.187508040088444	-0.0393189419813309	-12.22683249162193	genecad_result/predictions/Cquinoa_full_finetuned/C_Quinoa_Scaffold_4480/predictions_C_Quinoa_Scaffold_4480/predictions.0.zarr/positive	30	104645	True	-0.00084692424364885	-0.003973105084526196	-0.00481715369090896	genecad_result/predictions/Cquinoa_full_finetuned/C_Quinoa_Scaffold_4480/predictions_C_Quinoa_Scaffold_4480/predictions.0.zarr/positive	30	106516	12.186661115844796	0.035345836896804705	12.222015337931023
Cquinoa	C_Quinoa_Scaffold_4480_gene_820.t1	C_Quinoa_Scaffold_4480	-	True	changed_donor	9881172	9878138	True	-7.953719201019716	-0.1253906431631604	-8.079064010568453	genecad_result/predictions/Cquinoa_full_finetuned/C_Quinoa_Scaffold_4480/predictions_C_Quinoa_Scaffold_4480/predictions.0.zarr/negative	8	96328	True	-0.00036270817231542907	-0.002122965374300456	-0.0024852577699681078	genecad_result/predictions/Cquinoa_full_finetuned/C_Quinoa_Scaffold_4480/predictions_C_Quinoa_Scaffold_4480/predictions.0.zarr/negative	8	93294	7.9533564928474005	0.12326767778885994	8.076578752798486
Othomaeum	Oropetium_genomic_20141112_002_gene_183.t1	Oropetium_genomic_20141112_002	-	True	exact_chain_control	1153110	1153110	True	-0.009593825189236682	-0.07352094501327944	-0.08242362373694201	genecad_result/predictions/Othomaeum_full_finetuned/Oropetium_genomic_20141112_002/predictions_Oropetium_genomic_20141112_002/predictions.0.zarr/negative	27	131746	True	-0.009593825189236682	-0.07352094501327944	-0.08242362373694201	genecad_result/predictions/Othomaeum_full_finetuned/Oropetium_genomic_20141112_002/predictions_Oropetium_genomic_20141112_002/predictions.0.zarr/negative	27	131746	0.0	0.0	0.0
Othomaeum	Oropetium_genomic_20141112_002_gene_808.t1	Oropetium_genomic_20141112_002	-	True	changed_donor	4706989	4707355	True	-0.012014400569933414	-0.05513134206442594	-0.0664790212696591	genecad_result/predictions/Othomaeum_full_finetuned/Oropetium_genomic_20141112_002/predictions_Oropetium_genomic_20141112_002/predictions.0.zarr/negative	13	167161	True	-5.038006054587643	-5.1483307482746685	-10.183508371884358	genecad_result/predictions/Othomaeum_full_finetuned/Oropetium_genomic_20141112_002/predictions_Oropetium_genomic_20141112_002/predictions.0.zarr/negative	13	167527	-5.02599165401771	-5.093199406210243	-10.117029350614699
Othomaeum	Oropetium_genomic_20141112_002_gene_1054.t1	Oropetium_genomic_20141112_002	+	True	changed_donor	7165893	7167402	True	-0.004151448168898675	-0.018304150655924722	-0.022377021087475413	genecad_result/predictions/Othomaeum_full_finetuned/Oropetium_genomic_20141112_002/predictions_Oropetium_genomic_20141112_002/predictions.0.zarr/positive	30	223173	True	-0.00047818816338551784	-0.0018970583526627394	-0.0023745292180707978	genecad_result/predictions/Othomaeum_full_finetuned/Oropetium_genomic_20141112_002/predictions_Oropetium_genomic_20141112_002/predictions.0.zarr/positive	30	224682	0.003673260005513157	0.016407092303261983	0.020002491869404615
Othomaeum	Oropetium_genomic_20141112_006_gene_508.t1	Oropetium_genomic_20141112_006	-	True	changed_donor	4680636	4679297	True	-0.016720073457018092	-0.1272087168100211	-0.143745696390305	genecad_result/predictions/Othomaeum_full_finetuned/Oropetium_genomic_20141112_006/predictions_Oropetium_genomic_20141112_006/predictions.0.zarr/negative	0	28304	True	-0.003436421156702174	-0.02033818675852661	-0.023695883141042096	genecad_result/predictions/Othomaeum_full_finetuned/Oropetium_genomic_20141112_006/predictions_Oropetium_genomic_20141112_006/predictions.0.zarr/negative	0	26965	0.013283652300315918	0.1068705300514945	0.1200498132492629
Othomaeum	Oropetium_genomic_20141112_007_gene_468.t1	Oropetium_genomic_20141112_007	+	True	exact_chain_control	3958001	3958001	True	-0.014912486098144218	-0.1796637796879499	-0.19466267428051154	genecad_result/predictions/Othomaeum_full_finetuned/Oropetium_genomic_20141112_007/predictions_Oropetium_genomic_20141112_007/predictions.0.zarr/positive	17	93425	True	-0.014912486098144218	-0.1796637796879499	-0.19466267428051154	genecad_result/predictions/Othomaeum_full_finetuned/Oropetium_genomic_20141112_007/predictions_Oropetium_genomic_20141112_007/predictions.0.zarr/positive	17	93425	0.0	0.0	0.0
Othomaeum	Oropetium_genomic_20141112_008_gene_477.t1	Oropetium_genomic_20141112_008	+	False	changed_donor	3068765	3067824	True	-6.5070947509456705	-2.0889231904311916	-8.594772120253	genecad_result/predictions/Othomaeum_full_finetuned/Oropetium_genomic_20141112_008/predictions_Oropetium_genomic_20141112_008/predictions.0.zarr/positive	13	113501	True	-0.8037057588131984	-0.5048748322510792	-1.305764336525667	genecad_result/predictions/Othomaeum_full_finetuned/Oropetium_genomic_20141112_008/predictions_Oropetium_genomic_20141112_008/predictions.0.zarr/positive	13	112560	5.7033889921324725	1.5840483581801124	7.289007783727333
Othomaeum	Oropetium_genomic_20141112_010_gene_339.t1	Oropetium_genomic_20141112_010	+	False	changed_donor	2006800	2006768	True	-0.03155193856826122	-0.25163987428011536	-0.28311061964359396	genecad_result/predictions/Othomaeum_full_finetuned/Oropetium_genomic_20141112_010/predictions_Oropetium_genomic_20141112_010/predictions.0.zarr/positive	8	220944	True	-5.351784639325669	-4.816662287601373	-10.172549283692376	genecad_result/predictions/Othomaeum_full_finetuned/Oropetium_genomic_20141112_010/predictions_Oropetium_genomic_20141112_010/predictions.0.zarr/positive	8	220912	-5.320232700757408	-4.565022413321257	-9.889438664048782
Othomaeum	Oropetium_genomic_20141112_010_gene_614.t1	Oropetium_genomic_20141112_010	+	True	exact_chain_control	3653833	3653833	True	-0.004264470807215481	-0.032673671602501564	-0.0368303268508372	genecad_result/predictions/Othomaeum_full_finetuned/Oropetium_genomic_20141112_010/predictions_Oropetium_genomic_20141112_010/predictions.0.zarr/positive	16	82121	True	-0.004264470807215481	-0.032673671602501564	-0.0368303268508372	genecad_result/predictions/Othomaeum_full_finetuned/Oropetium_genomic_20141112_010/predictions_Oropetium_genomic_20141112_010/predictions.0.zarr/positive	16	82121	0.0	0.0	0.0
Othomaeum	Oropetium_genomic_20141112_011_gene_42.t1	Oropetium_genomic_20141112_011	+	False	changed_donor	263912	264406	True	-0.0051887127717926695	-0.05993496597464354	-0.0648637008060069	genecad_result/predictions/Othomaeum_full_finetuned/Oropetium_genomic_20141112_011/predictions_Oropetium_genomic_20141112_011/predictions.0.zarr/positive	1	32488	True	-9.968818380404993	-0.02254288056012932	-9.991393222750771	genecad_result/predictions/Othomaeum_full_finetuned/Oropetium_genomic_20141112_011/predictions_Oropetium_genomic_20141112_011/predictions.0.zarr/positive	1	32982	-9.963629667633201	0.03739208541451422	-9.926529521944765
Othomaeum	Oropetium_genomic_20141112_011_gene_316.t1	Oropetium_genomic_20141112_011	-	False	changed_donor	2115032	2113567	True	-0.0053517503685984735	-0.040260324666790304	-0.04535537990839078	genecad_result/predictions/Othomaeum_full_finetuned/Oropetium_genomic_20141112_011/predictions_Oropetium_genomic_20141112_011/predictions.0.zarr/negative	7	48333	True	-0.0017574767389962886	-0.013204254953758543	-0.014934877134633595	genecad_result/predictions/Othomaeum_full_finetuned/Oropetium_genomic_20141112_011/predictions_Oropetium_genomic_20141112_011/predictions.0.zarr/negative	7	46868	0.003594273629602185	0.02705606971303176	0.030420502773757185
Othomaeum	Oropetium_genomic_20141112_013_gene_39.t1	Oropetium_genomic_20141112_013	-	True	changed_donor	545020	543921	True	-0.013730402356435523	-0.12122837806295372	-0.13507930709577298	genecad_result/predictions/Othomaeum_full_finetuned/Oropetium_genomic_20141112_013/predictions_Oropetium_genomic_20141112_013/predictions.0.zarr/negative	14	59205	True	-5.022220898576176	-5.774527202906276	-10.796026479420075	genecad_result/predictions/Othomaeum_full_finetuned/Oropetium_genomic_20141112_013/predictions_Oropetium_genomic_20141112_013/predictions.0.zarr/negative	14	58106	-5.008490496219741	-5.653298824843322	-10.660947172324303
Othomaeum	Oropetium_genomic_20141112_013_gene_292.t1	Oropetium_genomic_20141112_013	+	True	changed_donor	2694417	2698021	True	-0.066247401349802	-0.3401397298460811	-0.40537658748846317	genecad_result/predictions/Othomaeum_full_finetuned/Oropetium_genomic_20141112_013/predictions_Oropetium_genomic_20141112_013/predictions.0.zarr/positive	12	15633	True	-9.468909711148648	-0.006428759460447964	-9.47534741230517	genecad_result/predictions/Othomaeum_full_finetuned/Oropetium_genomic_20141112_013/predictions_Oropetium_genomic_20141112_013/predictions.0.zarr/positive	12	19237	-9.402662309798846	0.33371097038563313	-9.069970824816707
Othomaeum	Oropetium_genomic_20141112_014_gene_53.t1	Oropetium_genomic_20141112_014	-	True	exact_chain_control	368734	368734	True	-0.006792903896864821	-0.03435415206632442	-0.040932937550698156	genecad_result/predictions/Othomaeum_full_finetuned/Oropetium_genomic_20141112_014/predictions_Oropetium_genomic_20141112_014/predictions.0.zarr/negative	14	76664	True	-0.006792903896864821	-0.03435415206632442	-0.040932937550698156	genecad_result/predictions/Othomaeum_full_finetuned/Oropetium_genomic_20141112_014/predictions_Oropetium_genomic_20141112_014/predictions.0.zarr/negative	14	76664	0.0	0.0	0.0
Othomaeum	Oropetium_genomic_20141112_014_gene_438.t1	Oropetium_genomic_20141112_014	+	True	exact_chain_control	2778585	2778585	True	-0.04098160098411707	-0.08278558276942771	-0.12293202582908247	genecad_result/predictions/Othomaeum_full_finetuned/Oropetium_genomic_20141112_014/predictions_Oropetium_genomic_20141112_014/predictions.0.zarr/positive	12	1497	True	-0.04098160098411707	-0.08278558276942771	-0.12293202582908247	genecad_result/predictions/Othomaeum_full_finetuned/Oropetium_genomic_20141112_014/predictions_Oropetium_genomic_20141112_014/predictions.0.zarr/positive	12	1497	0.0	0.0	0.0
Othomaeum	Oropetium_genomic_20141112_015_gene_27.t1	Oropetium_genomic_20141112_015	+	False	exact_chain_control	422170	422170	True	-0.002411144420737976	-0.019233723378504486	-0.021599021805294605	genecad_result/predictions/Othomaeum_full_finetuned/Oropetium_genomic_20141112_015/predictions_Oropetium_genomic_20141112_015/predictions.0.zarr/positive	1	198938	True	-0.002411144420737976	-0.019233723378504486	-0.021599021805294605	genecad_result/predictions/Othomaeum_full_finetuned/Oropetium_genomic_20141112_015/predictions_Oropetium_genomic_20141112_015/predictions.0.zarr/positive	1	198938	0.0	0.0	0.0
Othomaeum	Oropetium_genomic_20141112_015_gene_312.t1	Oropetium_genomic_20141112_015	+	True	changed_donor	2714820	2715980	True	-0.01466705804682622	-0.0827507708087003	-0.09740511620405723	genecad_result/predictions/Othomaeum_full_finetuned/Oropetium_genomic_20141112_015/predictions_Oropetium_genomic_20141112_015/predictions.0.zarr/positive	12	36036	True	-0.003269769323304139	-0.017045732616217002	-0.020254186871241586	genecad_result/predictions/Othomaeum_full_finetuned/Oropetium_genomic_20141112_015/predictions_Oropetium_genomic_20141112_015/predictions.0.zarr/positive	12	37196	0.011397288723522081	0.0657050381924833	0.07715092933281564
Othomaeum	Oropetium_genomic_20141112_017_gene_8.t1	Oropetium_genomic_20141112_017	-	True	changed_donor	255357	253596	True	-0.0033618441865721493	-0.004284469707211969	-0.007634028452483399	genecad_result/predictions/Othomaeum_full_finetuned/Oropetium_genomic_20141112_017/predictions_Oropetium_genomic_20141112_017/predictions.0.zarr/negative	11	220428	True	-0.0004688825620249304	-0.0013172771151603868	-0.0017826361067800889	genecad_result/predictions/Othomaeum_full_finetuned/Oropetium_genomic_20141112_017/predictions_Oropetium_genomic_20141112_017/predictions.0.zarr/negative	11	218667	0.002892961624547219	0.002967192592051582	0.00585139234570331
Othomaeum	Oropetium_genomic_20141112_023_gene_185.t1	Oropetium_genomic_20141112_023	+	True	exact_chain_control	1532127	1532127	True	-0.007761907730165163	-0.06349181577579799	-0.07075250028011437	genecad_result/predictions/Othomaeum_full_finetuned/Oropetium_genomic_20141112_023/predictions_Oropetium_genomic_20141112_023/predictions.0.zarr/positive	6	217311	True	-0.007761907730165163	-0.06349181577579799	-0.07075250028011437	genecad_result/predictions/Othomaeum_full_finetuned/Oropetium_genomic_20141112_023/predictions_Oropetium_genomic_20141112_023/predictions.0.zarr/positive	6	217311	0.0	0.0	0.0
Othomaeum	Oropetium_genomic_20141112_023_gene_238.t1	Oropetium_genomic_20141112_023	+	True	exact_chain_control	1983861	1983861	True	-0.003831351163325891	-0.02978900959854691	-0.033521818409774085	genecad_result/predictions/Othomaeum_full_finetuned/Oropetium_genomic_20141112_023/predictions_Oropetium_genomic_20141112_023/predictions.0.zarr/positive	9	11637	True	-0.003831351163325891	-0.02978900959854691	-0.033521818409774085	genecad_result/predictions/Othomaeum_full_finetuned/Oropetium_genomic_20141112_023/predictions_Oropetium_genomic_20141112_023/predictions.0.zarr/positive	9	11637	0.0	0.0	0.0
Othomaeum	Oropetium_genomic_20141112_036_gene_151.t1	Oropetium_genomic_20141112_036	-	False	changed_donor	996983	996553	True	-0.007285878516809952	-0.051105782325270965	-0.05801554062975356	genecad_result/predictions/Othomaeum_full_finetuned/Oropetium_genomic_20141112_036/predictions_Oropetium_genomic_20141112_036/predictions.0.zarr/negative	5	148742	True	-10.125061653303131	-0.027432652297456173	-10.152464939391972	genecad_result/predictions/Othomaeum_full_finetuned/Oropetium_genomic_20141112_036/predictions_Oropetium_genomic_20141112_036/predictions.0.zarr/negative	5	148312	-10.11777577478632	0.023673130027814793	-10.094449398762219
Othomaeum	Oropetium_genomic_20141112_044_gene_243.t1	Oropetium_genomic_20141112_044	+	True	changed_donor	1412539	1414111	True	-0.008651457547107277	-0.060611039920443144	-0.06879698739245788	genecad_result/predictions/Othomaeum_full_finetuned/Oropetium_genomic_20141112_044/predictions_Oropetium_genomic_20141112_044/predictions.0.zarr/positive	6	97723	True	-0.0027424027771658643	-0.00978910252821219	-0.01250535415858689	genecad_result/predictions/Othomaeum_full_finetuned/Oropetium_genomic_20141112_044/predictions_Oropetium_genomic_20141112_044/predictions.0.zarr/positive	6	99295	0.005909054769941413	0.050821937392230954	0.056291633233870986
Othomaeum	Oropetium_genomic_20141112_044_gene_277.t1	Oropetium_genomic_20141112_044	+	True	changed_donor	1586608	1587900	True	-0.03822888236426092	-0.48034388400993766	-0.5156789818009235	genecad_result/predictions/Othomaeum_full_finetuned/Oropetium_genomic_20141112_044/predictions_Oropetium_genomic_20141112_044/predictions.0.zarr/positive	7	52656	True	-0.002376019162640297	-0.016820871066363985	-0.019134607745694865	genecad_result/predictions/Othomaeum_full_finetuned/Oropetium_genomic_20141112_044/predictions_Oropetium_genomic_20141112_044/predictions.0.zarr/positive	7	53948	0.03585286320162062	0.4635230129435737	0.49654437405522867
Othomaeum	Oropetium_genomic_20141112_047_gene_214.t1	Oropetium_genomic_20141112_047	-	True	changed_donor	1499419	1497979	True	-0.009817174624076053	-0.11522095906980967	-0.12392243551669502	genecad_result/predictions/Othomaeum_full_finetuned/Oropetium_genomic_20141112_047/predictions_Oropetium_genomic_20141112_047/predictions.0.zarr/negative	1	67375	True	-0.007958202424302563	-0.0229076075354806	-0.03066829808409821	genecad_result/predictions/Othomaeum_full_finetuned/Oropetium_genomic_20141112_047/predictions_Oropetium_genomic_20141112_047/predictions.0.zarr/negative	1	65935	0.0018589721997734898	0.09231335153432907	0.0932541374325968
Othomaeum	Oropetium_genomic_20141112_051_gene_138.t1	Oropetium_genomic_20141112_051	+	True	changed_donor	1202426	1204305	True	-0.03265527180069494	-0.15221345253988972	-0.1847961581189761	genecad_result/predictions/Othomaeum_full_finetuned/Oropetium_genomic_20141112_051/predictions_Oropetium_genomic_20141112_051/predictions.0.zarr/positive	5	45306	True	-0.0013338076475095662	-0.005621755299589637	-0.006948309607783365	genecad_result/predictions/Othomaeum_full_finetuned/Oropetium_genomic_20141112_051/predictions_Oropetium_genomic_20141112_051/predictions.0.zarr/positive	5	47185	0.031321464153185374	0.14659169724030008	0.17784784851119273
Othomaeum	Oropetium_genomic_20141112_059_gene_17.t1	Oropetium_genomic_20141112_059	+	True	changed_donor	219510	224029	True	-9.26583546789461	-1.335341601191494	-10.601595486560067	genecad_result/predictions/Othomaeum_full_finetuned/Oropetium_genomic_20141112_059/predictions_Oropetium_genomic_20141112_059/predictions.0.zarr/positive	0	219510	True	-13.71875211095824	-0.0015463781745523875	-13.720299863494663	genecad_result/predictions/Othomaeum_full_finetuned/Oropetium_genomic_20141112_059/predictions_Oropetium_genomic_20141112_059/predictions.0.zarr/positive	1	797	-4.452916643063631	1.3337952230169416	-3.1187043769345966
Othomaeum	Oropetium_genomic_20141112_061_gene_80.t1	Oropetium_genomic_20141112_061	-	True	exact_chain_control	466012	466012	True	-0.022083999725983183	-0.15342314408382185	-0.17451678848463814	genecad_result/predictions/Othomaeum_full_finetuned/Oropetium_genomic_20141112_061/predictions_Oropetium_genomic_20141112_061/predictions.0.zarr/negative	4	33404	True	-0.022083999725983183	-0.15342314408382185	-0.17451678848463814	genecad_result/predictions/Othomaeum_full_finetuned/Oropetium_genomic_20141112_061/predictions_Oropetium_genomic_20141112_061/predictions.0.zarr/negative	4	33404	0.0	0.0	0.0
Othomaeum	Oropetium_genomic_20141112_063_gene_68.t1	Oropetium_genomic_20141112_063	-	True	changed_donor	392548	384467	True	-0.011953194356776553	-0.1567464142539019	-0.1691652787479061	genecad_result/predictions/Othomaeum_full_finetuned/Oropetium_genomic_20141112_063/predictions_Oropetium_genomic_20141112_063/predictions.0.zarr/negative	5	187898	True	-0.011311344420541491	-0.08224434940090752	-0.09267812033490275	genecad_result/predictions/Othomaeum_full_finetuned/Oropetium_genomic_20141112_063/predictions_Oropetium_genomic_20141112_063/predictions.0.zarr/negative	5	179817	0.0006418499362350616	0.07450206485299438	0.07648715841300335
Othomaeum	Oropetium_genomic_20141112_078_gene_19.t1	Oropetium_genomic_20141112_078	-	False	changed_donor	387818	386344	True	-0.00780761139418118	-0.030316087618333043	-0.03791191897034896	genecad_result/predictions/Othomaeum_full_finetuned/Oropetium_genomic_20141112_078/predictions_Oropetium_genomic_20141112_078/predictions.0.zarr/negative	2	149966	True	-0.001208860410352841	-0.005212410895392594	-0.006406751188717585	genecad_result/predictions/Othomaeum_full_finetuned/Oropetium_genomic_20141112_078/predictions_Oropetium_genomic_20141112_078/predictions.0.zarr/negative	2	148492	0.006598750983828339	0.02510367672294045	0.03150516778163137
Othomaeum	Oropetium_genomic_20141112_087_gene_114.t1	Oropetium_genomic_20141112_087	+	True	changed_donor	697212	700538	True	-0.0451825975490987	-0.32039187817946324	-0.36596737363085374	genecad_result/predictions/Othomaeum_full_finetuned/Oropetium_genomic_20141112_087/predictions_Oropetium_genomic_20141112_087/predictions.0.zarr/positive	3	101244	True	-0.002090766471923189	-0.009815738291156784	-0.011875527313057077	genecad_result/predictions/Othomaeum_full_finetuned/Oropetium_genomic_20141112_087/predictions_Oropetium_genomic_20141112_087/predictions.0.zarr/positive	3	104570	0.04309183107717551	0.31057613988830646	0.35409184631779667
Othomaeum	Oropetium_genomic_20141112_088_gene_70.t1	Oropetium_genomic_20141112_088	+	False	changed_donor	453786	455607	True	-0.020524169280077942	-0.19526182936799108	-0.2148810931505718	genecad_result/predictions/Othomaeum_full_finetuned/Oropetium_genomic_20141112_088/predictions_Oropetium_genomic_20141112_088/predictions.0.zarr/positive	2	64666	True	-4.524920658516717	-6.609112882486746	-11.132576441414113	genecad_result/predictions/Othomaeum_full_finetuned/Oropetium_genomic_20141112_088/predictions_Oropetium_genomic_20141112_088/predictions.0.zarr/positive	2	66487	-4.5043964892366395	-6.413851053118755	-10.91769534826354
Othomaeum	Oropetium_genomic_20141112_091_gene_99.t1	Oropetium_genomic_20141112_091	-	False	changed_donor	505371	504533	True	-0.015861073120913005	-0.2560087826407771	-0.2717852439844113	genecad_result/predictions/Othomaeum_full_finetuned/Oropetium_genomic_20141112_091/predictions_Oropetium_genomic_20141112_091/predictions.0.zarr/negative	1	143520	True	-5.380208347291127	-0.06842132213223184	-5.448198890777463	genecad_result/predictions/Othomaeum_full_finetuned/Oropetium_genomic_20141112_091/predictions_Oropetium_genomic_20141112_091/predictions.0.zarr/negative	1	142682	-5.364347274170214	0.18758746050854525	-5.176413646793051
Othomaeum	Oropetium_genomic_20141112_100_gene_70.t1	Oropetium_genomic_20141112_100	-	True	exact_chain_control	372778	372778	True	-0.015785765619186876	-0.14331343467970203	-0.15915818960471384	genecad_result/predictions/Othomaeum_full_finetuned/Oropetium_genomic_20141112_100/predictions_Oropetium_genomic_20141112_100/predictions.0.zarr/negative	0	4609	True	-0.015785765619186876	-0.14331343467970203	-0.15915818960471384	genecad_result/predictions/Othomaeum_full_finetuned/Oropetium_genomic_20141112_100/predictions_Oropetium_genomic_20141112_100/predictions.0.zarr/negative	0	4609	0.0	0.0	0.0
Othomaeum	Oropetium_genomic_20141112_100_gene_87.t1	Oropetium_genomic_20141112_100	-	True	exact_chain_control	443802	443802	True	-0.01910622164924325	-0.09134187105997071	-0.11012236869859349	genecad_result/predictions/Othomaeum_full_finetuned/Oropetium_genomic_20141112_100/predictions_Oropetium_genomic_20141112_100/predictions.0.zarr/negative	0	75633	True	-0.01910622164924325	-0.09134187105997071	-0.11012236869859349	genecad_result/predictions/Othomaeum_full_finetuned/Oropetium_genomic_20141112_100/predictions_Oropetium_genomic_20141112_100/predictions.0.zarr/negative	0	75633	0.0	0.0	0.0
Othomaeum	Oropetium_genomic_20141112_105_gene_63.t1	Oropetium_genomic_20141112_105	-	True	exact_chain_control	441923	441923	True	-0.014465687811712868	-0.13709536676618717	-0.15173849275491547	genecad_result/predictions/Othomaeum_full_finetuned/Oropetium_genomic_20141112_105/predictions_Oropetium_genomic_20141112_105/predictions.0.zarr/negative	0	114841	True	-0.014465687811712868	-0.13709536676618717	-0.15173849275491547	genecad_result/predictions/Othomaeum_full_finetuned/Oropetium_genomic_20141112_105/predictions_Oropetium_genomic_20141112_105/predictions.0.zarr/negative	0	114841	0.0	0.0	0.0
Othomaeum	Oropetium_genomic_20141112_122_gene_35.t1	Oropetium_genomic_20141112_122	-	False	changed_donor	207587	205519	True	-0.018495408627095422	-0.14020646548007454	-0.15822442752355537	genecad_result/predictions/Othomaeum_full_finetuned/Oropetium_genomic_20141112_122/predictions_Oropetium_genomic_20141112_122/predictions.0.zarr/negative	0	75193	True	-0.004126020716797463	-0.012815761941869397	-0.016906617630242593	genecad_result/predictions/Othomaeum_full_finetuned/Oropetium_genomic_20141112_122/predictions_Oropetium_genomic_20141112_122/predictions.0.zarr/negative	0	73125	0.01436938791029796	0.12739070353820514	0.14131780989331277
Othomaeum	Oropetium_genomic_20141112_386_gene_2.t1	Oropetium_genomic_20141112_386	-	False	changed_donor	5273	4911	True	-0.021305675613570774	-0.10247174328755726	-0.12323988723848833	genecad_result/predictions/Othomaeum_full_finetuned/Oropetium_genomic_20141112_386/predictions_Oropetium_genomic_20141112_386/predictions.0.zarr/negative	0	5273	True	-11.031276155009701	-0.07649586040313316	-11.107802908747054	genecad_result/predictions/Othomaeum_full_finetuned/Oropetium_genomic_20141112_386/predictions_Oropetium_genomic_20141112_386/predictions.0.zarr/negative	0	4911	-11.00997047939613	0.025975882884424095	-10.984563021508565
Othomaeum	Oropetium_genomic_20141112_474_gene_5.t1	Oropetium_genomic_20141112_474	-	False	changed_donor	25442	25570	True	-0.02878516650873797	-0.04632266372856719	-0.0752652219284391	genecad_result/predictions/Othomaeum_full_finetuned/Oropetium_genomic_20141112_474/predictions_Oropetium_genomic_20141112_474/predictions.0.zarr/negative	0	25442	True	-8.875215174654418	-0.14774055441676825	-9.023099796969596	genecad_result/predictions/Othomaeum_full_finetuned/Oropetium_genomic_20141112_474/predictions_Oropetium_genomic_20141112_474/predictions.0.zarr/negative	0	25570	-8.84643000814568	-0.10141789068820106	-8.947834575041156
Othomaeum	Oropetium_genomic_20141112_476_gene_5.t1	Oropetium_genomic_20141112_476	-	True	changed_donor	14824	13070	True	-0.043170428798334104	-0.16764933488372824	-0.21138028643641604	genecad_result/predictions/Othomaeum_full_finetuned/Oropetium_genomic_20141112_476/predictions_Oropetium_genomic_20141112_476/predictions.0.zarr/negative	0	14824	True	-6.215510409837224	-4.693888179866629	-10.912717103476895	genecad_result/predictions/Othomaeum_full_finetuned/Oropetium_genomic_20141112_476/predictions_Oropetium_genomic_20141112_476/predictions.0.zarr/negative	0	13070	-6.17233998103889	-4.526238844982901	-10.70133681704048
Rcommunis	27985_gene_9.t1	27985	+	False	changed_donor	60039	62165	True	-0.020620788036660898	-0.13633183781213098	-0.15636587933348656	genecad_result/predictions/Rcommunis_full_finetuned/27985/predictions_27985/predictions.0.zarr/positive	1	25223	True	-8.937678334280644	-0.056818365694884854	-8.994603284016444	genecad_result/predictions/Rcommunis_full_finetuned/27985/predictions_27985/predictions.0.zarr/positive	1	27349	-8.917057546243983	0.07951347211724613	-8.838237404682957
Rcommunis	28694_gene_12.t1	28694	-	True	exact_chain_control	110643	110643	True	-0.005125026032970048	-0.026455025909684515	-0.03143524043125279	genecad_result/predictions/Rcommunis_full_finetuned/28694/predictions_28694/predictions.0.zarr/negative	6	17928	True	-0.005125026032970048	-0.026455025909684515	-0.03143524043125279	genecad_result/predictions/Rcommunis_full_finetuned/28694/predictions_28694/predictions.0.zarr/negative	6	17928	0.0	0.0	0.0
Rcommunis	29154_gene_3.t1	29154	-	True	exact_chain_control	19475	19475	True	-0.0061056680994457935	-0.02768748585961678	-0.0336169526641763	genecad_result/predictions/Rcommunis_full_finetuned/29154/predictions_29154/predictions.0.zarr/negative	2	13331	True	-0.0061056680994457935	-0.02768748585961678	-0.0336169526641763	genecad_result/predictions/Rcommunis_full_finetuned/29154/predictions_29154/predictions.0.zarr/negative	2	13331	0.0	0.0	0.0
Rcommunis	29585_gene_23.t1	29585	-	True	exact_chain_control	195647	195647	True	-0.003751619436657805	-0.03090487232881589	-0.03456835350829213	genecad_result/predictions/Rcommunis_full_finetuned/29585/predictions_29585/predictions.0.zarr/negative	2	21805	True	-0.003751619436657805	-0.03090487232881589	-0.03456835350829213	genecad_result/predictions/Rcommunis_full_finetuned/29585/predictions_29585/predictions.0.zarr/negative	2	21805	0.0	0.0	0.0
Rcommunis	29624_gene_2.t1	29624	+	True	changed_donor	50602	51100	True	-0.01565066161805584	-0.22261954628218206	-0.2383043425968192	genecad_result/predictions/Rcommunis_full_finetuned/29624/predictions_29624/predictions.0.zarr/positive	1	15786	True	-10.406292658693953	-0.19297139937500063	-10.5993510868798	genecad_result/predictions/Rcommunis_full_finetuned/29624/predictions_29624/predictions.0.zarr/positive	1	16284	-10.390641997075898	0.029648146907181427	-10.36104674428298
Rcommunis	29625_gene_4.t1	29625	-	True	changed_donor	48605	49055	True	-8.65645561025079	-0.19035976410968747	-8.846766894865192	genecad_result/predictions/Rcommunis_full_finetuned/29625/predictions_29625/predictions.0.zarr/negative	6	12916	True	-4.981657542465036	-1.487028485125233	-6.4697963043161	genecad_result/predictions/Rcommunis_full_finetuned/29625/predictions_29625/predictions.0.zarr/negative	6	13366	3.674798067785754	-1.2966687210155454	2.3769705905490923
Rcommunis	29629_gene_46.t1	29629	+	False	changed_donor	331352	332577	True	-0.0028281435896788665	-0.03506945547364637	-0.037779061292583904	genecad_result/predictions/Rcommunis_full_finetuned/29629/predictions_29629/predictions.0.zarr/positive	9	18008	True	-6.065641407482583	-0.02770572809202143	-6.093223587391865	genecad_result/predictions/Rcommunis_full_finetuned/29629/predictions_29629/predictions.0.zarr/positive	9	19233	-6.062813263892904	0.0073637273816249404	-6.055444526099281
Rcommunis	29631_gene_47.t1	29631	+	False	changed_donor	329089	330072	True	-9.984457683550076	-0.5667269663257883	-10.551243847846237	genecad_result/predictions/Rcommunis_full_finetuned/29631/predictions_29631/predictions.0.zarr/positive	9	15745	True	-4.716803461591411	-4.137012479064961	-8.855407450637642	genecad_result/predictions/Rcommunis_full_finetuned/29631/predictions_29631/predictions.0.zarr/positive	9	16728	5.267654221958665	-3.570285512739173	1.6958363972085948
Rcommunis	29634_gene_6.t1	29634	-	True	changed_donor	53907	51842	True	-10.343798073440006	-0.1694792273578356	-10.513335123510528	genecad_result/predictions/Rcommunis_full_finetuned/29634/predictions_29634/predictions.0.zarr/negative	18	19407	True	-0.0011537839327289134	-0.003988101314708281	-0.005128829045625061	genecad_result/predictions/Rcommunis_full_finetuned/29634/predictions_29634/predictions.0.zarr/negative	18	17342	10.342644289507277	0.16549112604312732	10.508206294464902
Rcommunis	29682_gene_24.t1	29682	-	True	changed_donor	196061	195320	True	-0.001721947057770734	-0.013584352809820288	-0.015275759653488485	genecad_result/predictions/Rcommunis_full_finetuned/29682/predictions_29682/predictions.0.zarr/negative	2	30470	True	-5.707141090570284	-0.020892598771607318	-5.7280247346529265	genecad_result/predictions/Rcommunis_full_finetuned/29682/predictions_29682/predictions.0.zarr/negative	2	29729	-5.705419143512513	-0.00730824596178703	-5.712748974999438
Rcommunis	29682_gene_25.t1	29682	+	False	changed_donor	198617	201292	True	-0.023342952271922623	-0.31052408714532387	-0.33175623956812483	genecad_result/predictions/Rcommunis_full_finetuned/29682/predictions_29682/predictions.0.zarr/positive	5	24537	True	-0.0032674767350862055	-0.009092661353139242	-0.012335819441589457	genecad_result/predictions/Rcommunis_full_finetuned/29682/predictions_29682/predictions.0.zarr/positive	5	27212	0.020075475536836418	0.3014314257921846	0.3194204201265354
Rcommunis	29732_gene_3.t1	29732	+	True	exact_chain_control	54813	54813	True	-0.006055414929498681	-0.04533592093521044	-0.05114628731204807	genecad_result/predictions/Rcommunis_full_finetuned/29732/predictions_29732/predictions.0.zarr/positive	1	19997	True	-0.006055414929498681	-0.04533592093521044	-0.05114628731204807	genecad_result/predictions/Rcommunis_full_finetuned/29732/predictions_29732/predictions.0.zarr/positive	1	19997	0.0	0.0	0.0
Rcommunis	29738_gene_43.t1	29738	+	False	changed_donor	401982	403108	True	-0.0030277235409181813	-0.0247222407395018	-0.02766239782923474	genecad_result/predictions/Rcommunis_full_finetuned/29738/predictions_29738/predictions.0.zarr/positive	11	19006	True	-10.218829160343503	-0.01627001851001353	-10.235058569756719	genecad_result/predictions/Rcommunis_full_finetuned/29738/predictions_29738/predictions.0.zarr/positive	11	20132	-10.215801436802586	0.008452222229488271	-10.207396171927485
Rcommunis	29790_gene_22.t1	29790	-	True	exact_chain_control	274214	274214	True	-0.005794843475213085	-0.044810738370058445	-0.05033570634095863	genecad_result/predictions/Rcommunis_full_finetuned/29790/predictions_29790/predictions.0.zarr/negative	3	3057	True	-0.005794843475213085	-0.044810738370058445	-0.05033570634095863	genecad_result/predictions/Rcommunis_full_finetuned/29790/predictions_29790/predictions.0.zarr/negative	3	3057	0.0	0.0	0.0
Rcommunis	29811_gene_13.t1	29811	+	False	changed_donor	291491	292543	True	-0.0027111909804187206	-0.02761769863034136	-0.030264816544809392	genecad_result/predictions/Rcommunis_full_finetuned/29811/predictions_29811/predictions.0.zarr/positive	8	12963	True	-3.1276319664272703	-0.16352991778338222	-3.2903982496613295	genecad_result/predictions/Rcommunis_full_finetuned/29811/predictions_29811/predictions.0.zarr/positive	8	14015	-3.1249207754468515	-0.13591221915304086	-3.26013343311652
Rcommunis	29827_gene_107.t1	29827	+	True	changed_donor	728453	729979	True	-11.812511442391596	-0.42023409022584346	-12.232782977632832	genecad_result/predictions/Rcommunis_full_finetuned/29827/predictions_29827/predictions.0.zarr/positive	20	32133	True	-0.0013998291388199746	-0.00503887224789068	-0.006437079521192324	genecad_result/predictions/Rcommunis_full_finetuned/29827/predictions_29827/predictions.0.zarr/positive	20	33659	11.811111613252777	0.4151952179779528	12.226345898111639
Rcommunis	29848_gene_67.t1	29848	-	True	changed_donor	434167	432343	True	-0.007407111720719506	-0.03393920176204279	-0.041054549172540256	genecad_result/predictions/Rcommunis_full_finetuned/29848/predictions_29848/predictions.0.zarr/negative	33	3911	True	-5.6524338805706345	-0.008817907185865614	-5.6612109493374065	genecad_result/predictions/Rcommunis_full_finetuned/29848/predictions_29848/predictions.0.zarr/negative	33	2087	-5.645026768849915	0.025121294576177178	-5.620156400164866
Rcommunis	29912_gene_27.t1	29912	-	True	changed_donor	175000	173879	True	-0.0054189492841496545	-0.027623802994321878	-0.0329196288071536	genecad_result/predictions/Rcommunis_full_finetuned/29912/predictions_29912/predictions.0.zarr/negative	52	17088	True	-11.00002717254458	-0.015164706270923034	-11.015211586386673	genecad_result/predictions/Rcommunis_full_finetuned/29912/predictions_29912/predictions.0.zarr/negative	52	15967	-10.994608223260432	0.012459096723398844	-10.98229195757952
Rcommunis	29917_gene_74.t1	29917	+	False	changed_donor	601614	601925	True	-0.00520001429090744	-0.038603809356861696	-0.0435625630581038	genecad_result/predictions/Rcommunis_full_finetuned/29917/predictions_29917/predictions.0.zarr/positive	17	9742	True	-8.094148795803573	-0.02490297540873332	-8.119010411177271	genecad_result/predictions/Rcommunis_full_finetuned/29917/predictions_29917/predictions.0.zarr/positive	17	10053	-8.088948781512666	0.013700833948128377	-8.075447848119168
Rcommunis	29929_gene_43.t1	29929	-	True	changed_donor	271012	269838	True	-0.022754362210755552	-0.19034902905656947	-0.21189019937719422	genecad_result/predictions/Rcommunis_full_finetuned/29929/predictions_29929/predictions.0.zarr/negative	42	1351	True	-0.0018812947187534235	-0.014827572542600365	-0.01667706925844925	genecad_result/predictions/Rcommunis_full_finetuned/29929/predictions_29929/predictions.0.zarr/negative	42	177	0.02087306749200213	0.1755214565139691	0.19521313011874497
Rcommunis	30001_gene_4.t1	30001	+	True	changed_donor	55128	57552	True	-0.02460891192713266	-0.5679460532448042	-0.5885552249885189	genecad_result/predictions/Rcommunis_full_finetuned/30001/predictions_30001/predictions.0.zarr/positive	1	24408	True	-8.859557174848849	-0.021212577323511006	-8.880740117476115	genecad_result/predictions/Rcommunis_full_finetuned/30001/predictions_30001/predictions.0.zarr/positive	1	26832	-8.834948262921717	0.5467334759212932	-8.292184892487597
Rcommunis	30113_gene_11.t1	30113	+	False	changed_donor	664541	668799	True	-0.012960806420549087	-0.12139028082130343	-0.13469511567111203	genecad_result/predictions/Rcommunis_full_finetuned/30113/predictions_30113/predictions.0.zarr/positive	19	3037	True	-5.551802510141679	-0.2776008500281817	-5.828124998347876	genecad_result/predictions/Rcommunis_full_finetuned/30113/predictions_30113/predictions.0.zarr/positive	19	7295	-5.538841703721129	-0.15621056920687826	-5.693429882676764
Rcommunis	30131_gene_204.t1	30131	-	True	exact_chain_control	1403999	1403999	True	-0.010629089222202737	-0.0884936057735044	-0.09818812646165709	genecad_result/predictions/Rcommunis_full_finetuned/30131/predictions_30131/predictions.0.zarr/negative	37	12393	True	-0.010629089222202737	-0.0884936057735044	-0.09818812646165709	genecad_result/predictions/Rcommunis_full_finetuned/30131/predictions_30131/predictions.0.zarr/negative	37	12393	0.0	0.0	0.0
Rcommunis	30137_gene_2.t1	30137	-	True	changed_donor	60844	58522	True	-0.10447335533256963	-0.8948275674803892	-0.997341615865285	genecad_result/predictions/Rcommunis_full_finetuned/30137/predictions_30137/predictions.0.zarr/negative	7	22784	True	-0.0021915783684756107	-0.009722836580976058	-0.011888234686396437	genecad_result/predictions/Rcommunis_full_finetuned/30137/predictions_30137/predictions.0.zarr/negative	9	16366	0.10228177696409402	0.8851047308994131	0.9854533811788886
Rcommunis	30137_gene_3.t1	30137	+	True	changed_donor	134627	136952	True	-0.028224316477619915	-0.3098761072237437	-0.33931819997420076	genecad_result/predictions/Rcommunis_full_finetuned/30137/predictions_30137/predictions.0.zarr/positive	3	30179	True	-0.0007355348498254699	-0.0035968082007205027	-0.004324419701093873	genecad_result/predictions/Rcommunis_full_finetuned/30137/predictions_30137/predictions.0.zarr/positive	3	32504	0.027488781627794445	0.3062792990230232	0.3349937802731069
Rcommunis	30142_gene_19.t1	30142	+	True	exact_chain_control	163929	163929	True	-0.02745351375333316	-0.12467982421457968	-0.15263850354634023	genecad_result/predictions/Rcommunis_full_finetuned/30142/predictions_30142/predictions.0.zarr/positive	4	24665	True	-0.02745351375333316	-0.12467982421457968	-0.15263850354634023	genecad_result/predictions/Rcommunis_full_finetuned/30142/predictions_30142/predictions.0.zarr/positive	4	24665	0.0	0.0	0.0
Rcommunis	30190_gene_133.t1	30190	+	True	changed_donor	1039014	1023511	True	-9.484517680846288	-0.1853878195120946	-9.669963763954529	genecad_result/predictions/Rcommunis_full_finetuned/30190/predictions_30190/predictions.0.zarr/positive	29	29350	True	-0.002633189759815302	-0.019658647458383527	-0.02219745007146745	genecad_result/predictions/Rcommunis_full_finetuned/30190/predictions_30190/predictions.0.zarr/positive	29	13847	9.481884491086472	0.16572917205371107	9.64776631388306
Rcommunis	30204_gene_88.t1	30204	-	True	changed_donor	734222	732255	True	-0.005885089440278435	-0.0680173453007642	-0.07346307389706563	genecad_result/predictions/Rcommunis_full_finetuned/30204/predictions_30204/predictions.0.zarr/negative	0	29187	True	-9.125172976353998	-0.01932576825004606	-9.144499222328378	genecad_result/predictions/Rcommunis_full_finetuned/30204/predictions_30204/predictions.0.zarr/negative	0	27220	-9.11928788691372	0.04869157705071814	-9.071036148431311
Rcommunis	30208_gene_7.t1	30208	-	True	changed_donor	1360660	1359345	True	-0.0024632409392548738	-0.02513737350011258	-0.02753685936123862	genecad_result/predictions/Rcommunis_full_finetuned/30208/predictions_30208/predictions.0.zarr/negative	4	28368	True	-0.00031407403807648393	-0.0015191571212449517	-0.0018328811061687489	genecad_result/predictions/Rcommunis_full_finetuned/30208/predictions_30208/predictions.0.zarr/negative	4	27053	0.00214916690117839	0.02361821637886763	0.02570397825506987
Rcommunis	30217_gene_14.t1	30217	-	True	changed_donor	99828	94923	True	-0.008393785460716785	-0.056448916418960327	-0.06436850651439485	genecad_result/predictions/Rcommunis_full_finetuned/30217/predictions_30217/predictions.0.zarr/negative	0	27858	True	-0.0009607221577505598	-0.0032358790760458334	-0.004197880243077101	genecad_result/predictions/Rcommunis_full_finetuned/30217/predictions_30217/predictions.0.zarr/negative	0	22953	0.007433063302966225	0.05321303734291449	0.06017062627131775
Oeuropaea	chr1_gene_273.t1	chr1	-	True	changed_donor	3995040	3992547	True	-11.500015014410216	-0.28885551343868254	-11.788857856476818	genecad_result/predictions/Oeuropaea_full_finetuned/chr1/predictions_chr1/predictions.0.zarr/negative	657	34519	True	-0.00276298356866711	-0.013079042751502179	-0.015794724225388634	genecad_result/predictions/Oeuropaea_full_finetuned/chr1/predictions_chr1/predictions.0.zarr/negative	657	32026	11.49725203084155	0.27577647068718036	11.77306313225143
Oeuropaea	chr1_gene_623.t1	chr1	-	True	changed_donor	12102405	12110033	True	-12.156258324803211	-0.1634926405590802	-12.319757713765386	genecad_result/predictions/Oeuropaea_full_finetuned/chr1/predictions_chr1/predictions.0.zarr/negative	485	23612	True	-8.922094208383765	-0.41183135546879024	-9.333849735428954	genecad_result/predictions/Oeuropaea_full_finetuned/chr1/predictions_chr1/predictions.0.zarr/negative	485	31240	3.2341641164194463	-0.24833871490971005	2.9859079783364315
Oeuropaea	chr1_gene_751.t1	chr1	-	False	changed_donor	15655098	15654623	True	-0.006839497012094853	-0.04172559405022014	-0.04826223905076876	genecad_result/predictions/Oeuropaea_full_finetuned/chr1/predictions_chr1/predictions.0.zarr/negative	409	37361	True	-7.297743774122049	-0.039951939343578324	-7.337579522407032	genecad_result/predictions/Oeuropaea_full_finetuned/chr1/predictions_chr1/predictions.0.zarr/negative	409	36886	-7.290904277109954	0.001773654706641814	-7.289317283356263
Oeuropaea	chr1_gene_1291.t1	chr1	-	True	changed_donor	28222283	28215490	True	-0.0052361341974394016	-0.10838589361944706	-0.11299935636361447	genecad_result/predictions/Oeuropaea_full_finetuned/chr1/predictions_chr1/predictions.0.zarr/negative	142	40066	True	-0.001850698725480271	-0.009830922533200948	-0.011660299680176678	genecad_result/predictions/Oeuropaea_full_finetuned/chr1/predictions_chr1/predictions.0.zarr/negative	142	33273	0.0033854354719591306	0.09855497108624611	0.10133905668343779
Oeuropaea	chr1_gene_1673.t1	chr1	+	False	changed_donor	34889822	34891289	True	-0.003038449091586237	-0.013424982339535596	-0.01640724466475696	genecad_result/predictions/Oeuropaea_full_finetuned/chr1/predictions_chr1/predictions.0.zarr/positive	740	32862	True	-0.00035145298079619636	-0.001398241410340617	-0.0017510788468655392	genecad_result/predictions/Oeuropaea_full_finetuned/chr1/predictions_chr1/predictions.0.zarr/positive	740	34329	0.002686996110790041	0.012026740929194979	0.01465616581789142
Oeuropaea	chr10_gene_816.t1	chr10	-	True	changed_donor	17957681	17954802	True	-0.004233947883234279	-0.041507956267786916	-0.04550816492128984	genecad_result/predictions/Oeuropaea_full_finetuned/chr10/predictions_chr10/predictions.0.zarr/negative	595	3183	True	-0.0008244461855060337	-0.004365078804585032	-0.005187883768374313	genecad_result/predictions/Oeuropaea_full_finetuned/chr10/predictions_chr10/predictions.0.zarr/negative	595	304	0.0034095016977282455	0.037142877463201884	0.04032028115291553
Oeuropaea	chr10_gene_854.t1	chr10	+	True	changed_donor	19329573	19331928	True	-10.437542962575636	-0.42139432360900475	-10.859041494813388	genecad_result/predictions/Oeuropaea_full_finetuned/chr10/predictions_chr10/predictions.0.zarr/positive	410	16933	True	-0.0008709677937437377	-0.0031513884321725527	-0.004013206619148946	genecad_result/predictions/Oeuropaea_full_finetuned/chr10/predictions_chr10/predictions.0.zarr/positive	410	19288	10.436671994781893	0.4182429351768322	10.855028288194239
Oeuropaea	chr10_gene_1000.t1	chr10	+	True	changed_donor	23291805	23289117	True	-0.004295989270606704	-0.020622620699449534	-0.024793104081767048	genecad_result/predictions/Oeuropaea_full_finetuned/chr10/predictions_chr10/predictions.0.zarr/positive	494	22429	True	-6.686114645454587	-5.388464123402072	-12.072062276497075	genecad_result/predictions/Oeuropaea_full_finetuned/chr10/predictions_chr10/predictions.0.zarr/positive	494	19741	-6.68181865618398	-5.367841502702622	-12.047269172415309
Oeuropaea	chr10_gene_1001.t1	chr10	+	True	changed_donor	23301577	23289117	True	-0.002342054094365942	-0.012218592659477778	-0.014536753565144167	genecad_result/predictions/Oeuropaea_full_finetuned/chr10/predictions_chr10/predictions.0.zarr/positive	494	32201	True	-6.686114645454587	-5.388464123402072	-12.072062276497075	genecad_result/predictions/Oeuropaea_full_finetuned/chr10/predictions_chr10/predictions.0.zarr/positive	494	19741	-6.683772591360221	-5.376245530742594	-12.05752552293193
Oeuropaea	chr10_gene_1742.t1	chr10	-	True	exact_chain_control	38599758	38599758	True	-0.0026179597870559235	-0.01922328101087256	-0.021788937112980022	genecad_result/predictions/Oeuropaea_full_finetuned/chr10/predictions_chr10/predictions.0.zarr/negative	157	5516	True	-0.0026179597870559235	-0.01922328101087256	-0.021788937112980022	genecad_result/predictions/Oeuropaea_full_finetuned/chr10/predictions_chr10/predictions.0.zarr/negative	157	5516	0.0	0.0	0.0
Oeuropaea	chr10_gene_1862.t1	chr10	-	True	exact_chain_control	40664559	40664559	True	-0.001516742912364144	-0.007628420322480345	-0.009127964743355754	genecad_result/predictions/Oeuropaea_full_finetuned/chr10/predictions_chr10/predictions.0.zarr/negative	112	44845	True	-0.001516742912364144	-0.007628420322480345	-0.009127964743355754	genecad_result/predictions/Oeuropaea_full_finetuned/chr10/predictions_chr10/predictions.0.zarr/negative	112	44845	0.0	0.0	0.0
Oeuropaea	chr11_gene_1579.t1	chr11	+	True	exact_chain_control	32247189	32247189	True	-0.001787529656119169	-0.012544023772401935	-0.014327185643676188	genecad_result/predictions/Oeuropaea_full_finetuned/chr11/predictions_chr11/predictions.0.zarr/positive	684	28053	True	-0.001787529656119169	-0.012544023772401935	-0.014327185643676188	genecad_result/predictions/Oeuropaea_full_finetuned/chr11/predictions_chr11/predictions.0.zarr/positive	684	28053	0.0	0.0	0.0
Oeuropaea	chr12_gene_960.t1	chr12	+	True	changed_donor	14024429	14028146	True	-8.578413129961412	-0.6481240044764633	-9.226661872710254	genecad_result/predictions/Oeuropaea_full_finetuned/chr12/predictions_chr12/predictions.0.zarr/positive	297	34541	True	-0.0006697899294820786	-0.0037985896615149173	-0.004464156693141597	genecad_result/predictions/Oeuropaea_full_finetuned/chr12/predictions_chr12/predictions.0.zarr/positive	297	38258	8.57774334003193	0.6443254148149484	9.222197716017114
Oeuropaea	chr12_gene_965.t1	chr12	+	False	changed_donor	14110122	14112104	True	-8.344111870539685	-0.21340320160733794	-8.557469388754718	genecad_result/predictions/Oeuropaea_full_finetuned/chr12/predictions_chr12/predictions.0.zarr/positive	299	26026	True	-11.125023992755	-0.015864702654356577	-11.140879670227106	genecad_result/predictions/Oeuropaea_full_finetuned/chr12/predictions_chr12/predictions.0.zarr/positive	299	28008	-2.780912122215316	0.19753849895298137	-2.5834102814723874
Oeuropaea	chr12_gene_997.t1	chr12	+	True	exact_chain_control	14748619	14748619	True	-0.004328807668477985	-0.03753207706987283	-0.041706889425725535	genecad_result/predictions/Oeuropaea_full_finetuned/chr12/predictions_chr12/predictions.0.zarr/positive	313	5067	True	-0.004328807668477985	-0.03753207706987283	-0.041706889425725535	genecad_result/predictions/Oeuropaea_full_finetuned/chr12/predictions_chr12/predictions.0.zarr/positive	313	5067	0.0	0.0	0.0
Oeuropaea	chr12_gene_1401.t1	chr12	-	True	changed_donor	22462534	22461097	True	-0.043836293513214386	-0.1476357729100024	-0.19209387059835992	genecad_result/predictions/Oeuropaea_full_finetuned/chr12/predictions_chr12/predictions.0.zarr/negative	187	42335	True	-0.0020048717327663113	-0.009750532924641675	-0.011729663275454882	genecad_result/predictions/Oeuropaea_full_finetuned/chr12/predictions_chr12/predictions.0.zarr/negative	187	40898	0.041831421780448075	0.13788523998536073	0.18036420732290503
Oeuropaea	chr13_gene_60.t1	chr13	+	False	changed_donor	762336	753200	True	-7.4850938900325765	-0.3682890066754916	-7.853072524986551	genecad_result/predictions/Oeuropaea_full_finetuned/chr13/predictions_chr13/predictions.0.zarr/positive	16	8672	True	-3.2925328897479846	-2.1359277035132984	-5.428860005381806	genecad_result/predictions/Oeuropaea_full_finetuned/chr13/predictions_chr13/predictions.0.zarr/positive	15	46640	4.192561000284591	-1.7676386968378068	2.424212519604745
Oeuropaea	chr13_gene_279.t1	chr13	-	True	exact_chain_control	4524112	4524112	True	-0.002275694146741003	-0.026830722051941258	-0.029042351342276618	genecad_result/predictions/Oeuropaea_full_finetuned/chr13/predictions_chr13/predictions.0.zarr/negative	538	3234	True	-0.002275694146741003	-0.026830722051941258	-0.029042351342276618	genecad_result/predictions/Oeuropaea_full_finetuned/chr13/predictions_chr13/predictions.0.zarr/negative	538	3234	0.0	0.0	0.0
Oeuropaea	chr13_gene_743.t1	chr13	+	True	exact_chain_control	14953692	14953692	True	-0.0027126257309957325	-0.012822940300269536	-0.015494960304623717	genecad_result/predictions/Oeuropaea_full_finetuned/chr13/predictions_chr13/predictions.0.zarr/positive	317	21724	True	-0.0027126257309957325	-0.012822940300269536	-0.015494960304623717	genecad_result/predictions/Oeuropaea_full_finetuned/chr13/predictions_chr13/predictions.0.zarr/positive	317	21724	0.0	0.0	0.0
Oeuropaea	chr13_gene_1149.t1	chr13	+	True	changed_donor	25848366	25849284	True	-0.18656571705616942	-0.5167783693837986	-0.7037167432117712	genecad_result/predictions/Oeuropaea_full_finetuned/chr13/predictions_chr13/predictions.0.zarr/positive	548	35374	True	-7.095080095357543	-0.4758211786819855	-7.569736435704632	genecad_result/predictions/Oeuropaea_full_finetuned/chr13/predictions_chr13/predictions.0.zarr/positive	548	36292	-6.908514378301373	0.04095719070181314	-6.866019692492861
Oeuropaea	chr14_gene_509.t1	chr14	-	False	changed_donor	8981078	8981136	True	-8.43784175857505	-0.09525761661289378	-8.532919913558766	genecad_result/predictions/Oeuropaea_full_finetuned/chr14/predictions_chr14/predictions.0.zarr/negative	176	18716	True	-6.720464198761148	-0.21602517100135277	-6.936040856787722	genecad_result/predictions/Oeuropaea_full_finetuned/chr14/predictions_chr14/predictions.0.zarr/negative	176	18774	1.7173775598139027	-0.12076755438845899	1.5968790567710442
Oeuropaea	chr14_gene_836.t1	chr14	-	True	changed_donor	15677914	15676041	True	-3.691893348616282	-4.2179121534661626	-7.9137269451491505	genecad_result/predictions/Oeuropaea_full_finetuned/chr14/predictions_chr14/predictions.0.zarr/negative	33	24736	True	-0.001458778954514628	-0.0051014912030336035	-0.006555409738890461	genecad_result/predictions/Oeuropaea_full_finetuned/chr14/predictions_chr14/predictions.0.zarr/negative	35	18767	3.6904345696617673	4.212810662263129	7.90717153541026
Oeuropaea	chr15_gene_753.t1	chr15	-	True	changed_donor	16771402	16769585	True	-0.0047508710885049155	-0.011543228295718855	-0.01624163169685655	genecad_result/predictions/Oeuropaea_full_finetuned/chr15/predictions_chr15/predictions.0.zarr/negative	320	37307	True	-0.0006641148672228425	-0.0019604148332170723	-0.002621113062477143	genecad_result/predictions/Oeuropaea_full_finetuned/chr15/predictions_chr15/predictions.0.zarr/negative	320	35490	0.004086756221282073	0.009582813462501782	0.013620518634379408
Oeuropaea	chr15_gene_803.t1	chr15	-	True	changed_donor	18216643	18213681	True	-8.672158499152939	-0.2665546267330292	-8.938323466765269	genecad_result/predictions/Oeuropaea_full_finetuned/chr15/predictions_chr15/predictions.0.zarr/negative	290	12084	True	-8.937713703953683	-0.011094372529469432	-8.948789944462135	genecad_result/predictions/Oeuropaea_full_finetuned/chr15/predictions_chr15/predictions.0.zarr/negative	290	9122	-0.26555520480074435	0.2554602542035598	-0.01046647769686615
Oeuropaea	chr15_gene_1245.t1	chr15	-	False	changed_donor	26228192	26224527	True	-0.009593755478426669	-0.06830314621065803	-0.07722811655527284	genecad_result/predictions/Oeuropaea_full_finetuned/chr15/predictions_chr15/predictions.0.zarr/negative	119	38481	True	-0.001598843603225042	-0.003952335507569238	-0.005544956751575292	genecad_result/predictions/Oeuropaea_full_finetuned/chr15/predictions_chr15/predictions.0.zarr/negative	119	34816	0.007994911875201627	0.06435081070308879	0.07168315980369755
Oeuropaea	chr16_gene_705.t1	chr16	+	True	changed_donor	13130155	13131863	True	-0.01356898662646655	-0.11153480509958413	-0.12539502256050117	genecad_result/predictions/Oeuropaea_full_finetuned/chr16/predictions_chr16/predictions.0.zarr/positive	278	35243	True	-0.000940353386567061	-0.002945020961810485	-0.0038786414212426124	genecad_result/predictions/Oeuropaea_full_finetuned/chr16/predictions_chr16/predictions.0.zarr/positive	278	36951	0.01262863323989949	0.10858978413777365	0.12151638113925856
Oeuropaea	chr17_gene_523.t1	chr17	-	True	changed_donor	11016852	11015298	True	-0.021803420403567753	-0.45101090402462285	-0.4704652765052231	genecad_result/predictions/Oeuropaea_full_finetuned/chr17/predictions_chr17/predictions.0.zarr/negative	289	6780	True	-9.2188814788575	-0.2331965456013183	-9.452276700741944	genecad_result/predictions/Oeuropaea_full_finetuned/chr17/predictions_chr17/predictions.0.zarr/negative	289	5226	-9.197078058453933	0.21781435842330454	-8.98181142423672
Oeuropaea	chr18_gene_2.t1	chr18	-	True	exact_chain_control	39328	39328	True	-0.01067032342642582	-0.07363700243582194	-0.0834893874299878	genecad_result/predictions/Oeuropaea_full_finetuned/chr18/predictions_chr18/predictions.0.zarr/negative	673	9284	True	-0.01067032342642582	-0.07363700243582194	-0.0834893874299878	genecad_result/predictions/Oeuropaea_full_finetuned/chr18/predictions_chr18/predictions.0.zarr/negative	673	9284	0.0	0.0	0.0
Oeuropaea	chr18_gene_98.t1	chr18	-	True	changed_donor	1557131	1556226	True	-6.8452775467083615	-0.5601792108218837	-7.404801512998101	genecad_result/predictions/Oeuropaea_full_finetuned/chr18/predictions_chr18/predictions.0.zarr/negative	640	46383	True	-5.800293415269611	-0.19034696925255545	-5.990093770055529	genecad_result/predictions/Oeuropaea_full_finetuned/chr18/predictions_chr18/predictions.0.zarr/negative	640	45478	1.044984131438751	0.36983224156932826	1.4147077429425723
Oeuropaea	chr18_gene_100.t1	chr18	-	False	changed_donor	1599776	1597960	True	-10.18755404116419	-0.5401715141866559	-10.727824955515585	genecad_result/predictions/Oeuropaea_full_finetuned/chr18/predictions_chr18/predictions.0.zarr/negative	639	46020	True	-5.11880044448059	-5.343090665142416	-10.460330873039238	genecad_result/predictions/Oeuropaea_full_finetuned/chr18/predictions_chr18/predictions.0.zarr/negative	641	40108	5.0687535966836	-4.80291915095576	0.26749408247634676
Oeuropaea	chr18_gene_323.t1	chr18	+	True	changed_donor	5660460	5662857	True	-0.012487610286882944	-0.0808548942327647	-0.09354023372963383	genecad_result/predictions/Oeuropaea_full_finetuned/chr18/predictions_chr18/predictions.0.zarr/positive	120	7980	True	-0.0029937932456478578	-0.010638003387406059	-0.013607670986506726	genecad_result/predictions/Oeuropaea_full_finetuned/chr18/predictions_chr18/predictions.0.zarr/positive	120	10377	0.009493817041235086	0.07021689084535865	0.0799325627431271
Oeuropaea	chr18_gene_398.t1	chr18	+	True	exact_chain_control	7660533	7660533	True	-0.04408030611116587	-0.07802213909894062	-0.1223649272823466	genecad_result/predictions/Oeuropaea_full_finetuned/chr18/predictions_chr18/predictions.0.zarr/positive	162	29685	True	-0.04408030611116587	-0.07802213909894062	-0.1223649272823466	genecad_result/predictions/Oeuropaea_full_finetuned/chr18/predictions_chr18/predictions.0.zarr/positive	162	29685	0.0	0.0	0.0
Oeuropaea	chr18_gene_1270.t1	chr18	-	True	changed_donor	27006012	27003701	True	-7.438185517036608	-1.1124665358750665	-8.55011230217778	genecad_result/predictions/Oeuropaea_full_finetuned/chr18/predictions_chr18/predictions.0.zarr/negative	102	14048	True	-0.0031873371658672767	-0.022933436590749423	-0.026062619890972805	genecad_result/predictions/Oeuropaea_full_finetuned/chr18/predictions_chr18/predictions.0.zarr/negative	102	11737	7.434998179870741	1.089533099284317	8.524049682286808
Oeuropaea	chr19_gene_165.t1	chr19	-	True	changed_donor	4541891	4541998	True	-7.86401525680796	-1.5313806326708375	-9.395585539633363	genecad_result/predictions/Oeuropaea_full_finetuned/chr19/predictions_chr19/predictions.0.zarr/negative	188	10057	True	-7.661053354512916	-2.440796958189515	-10.101621004080329	genecad_result/predictions/Oeuropaea_full_finetuned/chr19/predictions_chr19/predictions.0.zarr/negative	188	10164	0.20296190229504418	-0.9094163255186776	-0.7060354644469662
Oeuropaea	chr2_gene_611.t1	chr2	+	False	changed_donor	16618267	16617682	True	-9.2657949265547	-0.25064690789662425	-9.516458902259991	genecad_result/predictions/Oeuropaea_full_finetuned/chr2/predictions_chr2/predictions.0.zarr/positive	352	37659	True	-6.221082870838563	-0.24474419837528893	-6.465357677324919	genecad_result/predictions/Oeuropaea_full_finetuned/chr2/predictions_chr2/predictions.0.zarr/positive	352	37074	3.0447120557161362	0.005902709521335314	3.0511012249350724
Oeuropaea	chr2_gene_991.t1	chr2	-	True	changed_donor	24690917	24686913	True	-0.00412234143545831	-0.04241802099157965	-0.04630511881092758	genecad_result/predictions/Oeuropaea_full_finetuned/chr2/predictions_chr2/predictions.0.zarr/negative	135	30921	True	-0.001769335895711599	-0.0025101256940969208	-0.004273590596262977	genecad_result/predictions/Oeuropaea_full_finetuned/chr2/predictions_chr2/predictions.0.zarr/negative	135	26917	0.002353005539746711	0.03990789529748273	0.042031528214664604
Oeuropaea	chr2_gene_1186.t1	chr2	-	False	exact_chain_control	27610341	27610341	True	-0.0027938933424813683	-0.020496284515107988	-0.0232096850053658	genecad_result/predictions/Oeuropaea_full_finetuned/chr2/predictions_chr2/predictions.0.zarr/negative	73	13513	True	-0.0027938933424813683	-0.020496284515107988	-0.0232096850053658	genecad_result/predictions/Oeuropaea_full_finetuned/chr2/predictions_chr2/predictions.0.zarr/negative	73	13513	0.0	0.0	0.0
Oeuropaea	chr20_gene_10.t1	chr20	-	False	changed_donor	103346	104939	True	-0.17801203886323158	-0.27214488184779473	-0.44861259332320147	genecad_result/predictions/Oeuropaea_full_finetuned/chr20/predictions_chr20/predictions.0.zarr/negative	424	9647	True	-8.000528724001855	-4.791279748252615	-12.791283614061957	genecad_result/predictions/Oeuropaea_full_finetuned/chr20/predictions_chr20/predictions.0.zarr/negative	424	11240	-7.822516685138623	-4.51913486640482	-12.342671020738756
Oeuropaea	chr20_gene_411.t1	chr20	-	True	changed_donor	11192143	11189947	True	-0.0028668245636422895	-0.02028326292722671	-0.02308084485030193	genecad_result/predictions/Oeuropaea_full_finetuned/chr20/predictions_chr20/predictions.0.zarr/negative	189	4428	True	-0.0004081293274351694	-0.0014804059606525755	-0.0018897546152176758	genecad_result/predictions/Oeuropaea_full_finetuned/chr20/predictions_chr20/predictions.0.zarr/negative	189	2232	0.00245869523620712	0.018802856966574133	0.021191090235084253
Oeuropaea	chr21_gene_14.t1	chr21	+	True	changed_donor	699115	677145	True	-7.844262136479358	-0.16182270813087474	-8.006075667286384	genecad_result/predictions/Oeuropaea_full_finetuned/chr21/predictions_chr21/predictions.0.zarr/positive	14	39659	True	-0.0009439763721097449	-0.004103809984258966	-0.005049304319195258	genecad_result/predictions/Oeuropaea_full_finetuned/chr21/predictions_chr21/predictions.0.zarr/positive	14	17689	7.843318160107248	0.15771889814661577	8.001026362967188
Oeuropaea	chr21_gene_744.t1	chr21	-	True	changed_donor	16036226	16037480	True	-0.007466391616597345	-0.046503447416463395	-0.05368101334806763	genecad_result/predictions/Oeuropaea_full_finetuned/chr21/predictions_chr21/predictions.0.zarr/negative	46	18780	True	-9.425938670651274	-5.796855560180799	-15.222640021858437	genecad_result/predictions/Oeuropaea_full_finetuned/chr21/predictions_chr21/predictions.0.zarr/negative	46	20034	-9.418472279034676	-5.750352112764336	-15.16895900851037
Oeuropaea	chr22_gene_215.t1	chr22	+	True	changed_donor	4020103	4021960	True	-0.0037108683099225104	-0.0374641949365504	-0.04101308222295508	genecad_result/predictions/Oeuropaea_full_finetuned/chr22/predictions_chr22/predictions.0.zarr/positive	85	16263	True	-0.0018969120437439813	-0.002573581318230822	-0.004466681699494046	genecad_result/predictions/Oeuropaea_full_finetuned/chr22/predictions_chr22/predictions.0.zarr/positive	85	18120	0.0018139562661785291	0.03489061361831958	0.03654640052346103
Oeuropaea	chr23_gene_482.t1	chr23	-	True	exact_chain_control	11972415	11972415	True	-0.011716087019091326	-0.13320352414376613	-0.14538743003040322	genecad_result/predictions/Oeuropaea_full_finetuned/chr23/predictions_chr23/predictions.0.zarr/negative	13	12760	True	-0.011716087019091326	-0.13320352414376613	-0.14538743003040322	genecad_result/predictions/Oeuropaea_full_finetuned/chr23/predictions_chr23/predictions.0.zarr/negative	13	12760	0.0	0.0	0.0
Oeuropaea	chr23_gene_488.t1	chr23	-	False	changed_donor	12032681	12029551	True	-0.020611175566243034	-0.23482192914500777	-0.2543178887576314	genecad_result/predictions/Oeuropaea_full_finetuned/chr23/predictions_chr23/predictions.0.zarr/negative	10	34114	True	-0.014815132256489782	-0.10069095830396657	-0.11566312801899858	genecad_result/predictions/Oeuropaea_full_finetuned/chr23/predictions_chr23/predictions.0.zarr/negative	10	30984	0.0057960433097532515	0.1341309708410412	0.1386547607386328
Oeuropaea	chr3_gene_21.t1	chr3	-	True	exact_chain_control	242622	242622	True	-0.002991857672416387	-0.02225580073720579	-0.025187943532761103	genecad_result/predictions/Oeuropaea_full_finetuned/chr3/predictions_chr3/predictions.0.zarr/negative	525	661	True	-0.002991857672416387	-0.02225580073720579	-0.025187943532761103	genecad_result/predictions/Oeuropaea_full_finetuned/chr3/predictions_chr3/predictions.0.zarr/negative	525	661	0.0	0.0	0.0
Oeuropaea	chr3_gene_337.t1	chr3	+	True	changed_donor	4803322	4799625	True	-13.093753576777832	-0.016095855799815872	-13.109851858283736	genecad_result/predictions/Oeuropaea_full_finetuned/chr3/predictions_chr3/predictions.0.zarr/positive	101	45818	True	-7.337681809409289	-5.187278207188915	-12.523623939846576	genecad_result/predictions/Oeuropaea_full_finetuned/chr3/predictions_chr3/predictions.0.zarr/positive	101	42121	5.756071767368543	-5.171182351389099	0.5862279184371602
Oeuropaea	chr3_gene_778.t1	chr3	-	False	changed_donor	15161752	15170388	True	-7.500711981537766	-0.2825659868878949	-7.783146779921176	genecad_result/predictions/Oeuropaea_full_finetuned/chr3/predictions_chr3/predictions.0.zarr/negative	208	24687	True	-0.0018853881285529894	-0.010743118425820875	-0.01259992133943122	genecad_result/predictions/Oeuropaea_full_finetuned/chr3/predictions_chr3/predictions.0.zarr/negative	206	37419	7.498826593409213	0.27182286846207404	7.770546858581745
Oeuropaea	chr3_gene_833.t1	chr3	-	False	changed_donor	16167616	16162017	True	-9.01584942076099	-0.5098024900886178	-9.525508485494964	genecad_result/predictions/Oeuropaea_full_finetuned/chr3/predictions_chr3/predictions.0.zarr/negative	185	41367	True	-6.798457521065294	-0.19245618415711574	-6.990928577943775	genecad_result/predictions/Oeuropaea_full_finetuned/chr3/predictions_chr3/predictions.0.zarr/negative	185	35768	2.217391899695696	0.31734630593150204	2.534579907551189
Oeuropaea	chr4_gene_226.t1	chr4	+	True	changed_donor	3682067	3686086	True	-0.007520943565976879	-0.032010263840648534	-0.039305896181685895	genecad_result/predictions/Oeuropaea_full_finetuned/chr4/predictions_chr4/predictions.0.zarr/positive	78	7955	True	-0.0023479072995176153	-0.006706510470024796	-0.009041091856254013	genecad_result/predictions/Oeuropaea_full_finetuned/chr4/predictions_chr4/predictions.0.zarr/positive	78	11974	0.005173036266459263	0.02530375337062374	0.030264804325431882
Oeuropaea	chr4_gene_614.t1	chr4	+	True	changed_donor	11666264	11683183	True	-0.006120433073163234	-0.02665145689109938	-0.03262262566035634	genecad_result/predictions/Oeuropaea_full_finetuned/chr4/predictions_chr4/predictions.0.zarr/positive	247	31576	True	-0.002023563584790722	-0.006137885116427988	-0.008148435808967847	genecad_result/predictions/Oeuropaea_full_finetuned/chr4/predictions_chr4/predictions.0.zarr/positive	248	1391	0.004096869488372512	0.02051357177467139	0.024474189851388495
Oeuropaea	chr5_gene_23.t1	chr5	+	True	changed_donor	479466	482531	True	-2.5221866392347665	-0.27601778093507434	-2.7964614359582636	genecad_result/predictions/Oeuropaea_full_finetuned/chr5/predictions_chr5/predictions.0.zarr/positive	10	8426	True	-0.004645737589156873	-0.02454251161562837	-0.02906462732286652	genecad_result/predictions/Oeuropaea_full_finetuned/chr5/predictions_chr5/predictions.0.zarr/positive	10	11491	2.5175409016456096	0.25147526931944597	2.767396808635397
Oeuropaea	chr5_gene_118.t1	chr5	-	False	changed_donor	2718841	2720682	True	-6.829607249743013	-0.5299619105094351	-7.358934978064699	genecad_result/predictions/Oeuropaea_full_finetuned/chr5/predictions_chr5/predictions.0.zarr/negative	296	31767	True	-10.62503564284454	-0.3247749124593424	-10.949851056912314	genecad_result/predictions/Oeuropaea_full_finetuned/chr5/predictions_chr5/predictions.0.zarr/negative	296	33608	-3.7954283931015276	0.20518699805009266	-3.5909160788476147
Oeuropaea	chr6_gene_589.t1	chr6	-	True	exact_chain_control	10437709	10437709	True	-0.003517535495152657	-0.041097467687906786	-0.04444464949799265	genecad_result/predictions/Oeuropaea_full_finetuned/chr6/predictions_chr6/predictions.0.zarr/negative	409	40457	True	-0.003517535495152657	-0.041097467687906786	-0.04444464949799265	genecad_result/predictions/Oeuropaea_full_finetuned/chr6/predictions_chr6/predictions.0.zarr/negative	409	40457	0.0	0.0	0.0
Oeuropaea	chr6_gene_975.t1	chr6	+	True	changed_donor	19648194	19650111	True	-0.08525203140145843	-0.6289638967040707	-0.7107820146909996	genecad_result/predictions/Oeuropaea_full_finetuned/chr6/predictions_chr6/predictions.0.zarr/positive	417	5826	True	-0.17912096761456908	-0.5259227441909808	-0.7051861381911548	genecad_result/predictions/Oeuropaea_full_finetuned/chr6/predictions_chr6/predictions.0.zarr/positive	417	7743	-0.09386893621311065	0.10304115251308987	0.005595876499844721
Oeuropaea	chr6_gene_1037.t1	chr6	-	True	exact_chain_control	21317483	21317483	True	-0.026061407821949434	-0.4198232664583399	-0.44216520386220104	genecad_result/predictions/Oeuropaea_full_finetuned/chr6/predictions_chr6/predictions.0.zarr/negative	179	37159	True	-0.026061407821949434	-0.4198232664583399	-0.44216520386220104	genecad_result/predictions/Oeuropaea_full_finetuned/chr6/predictions_chr6/predictions.0.zarr/negative	179	37159	0.0	0.0	0.0
Oeuropaea	chr6_gene_1377.t1	chr6	-	False	changed_donor	29086011	29084297	True	-0.0118134796720204	-0.04213502482956999	-0.05412515184496103	genecad_result/predictions/Oeuropaea_full_finetuned/chr6/predictions_chr6/predictions.0.zarr/negative	13	35575	True	-0.00042046763504366425	-0.0023771479158716247	-0.002795440053746212	genecad_result/predictions/Oeuropaea_full_finetuned/chr6/predictions_chr6/predictions.0.zarr/negative	13	33861	0.011393012036976735	0.039757876913698365	0.051329711791214816
Oeuropaea	chr7_gene_375.t1	chr7	-	False	changed_donor	7853243	7850594	True	-0.02566168963893256	-0.23326019987161128	-0.25699892699496996	genecad_result/predictions/Oeuropaea_full_finetuned/chr7/predictions_chr7/predictions.0.zarr/negative	401	6687	True	-0.007569618490400387	-0.01986842091965002	-0.027290362175236282	genecad_result/predictions/Oeuropaea_full_finetuned/chr7/predictions_chr7/predictions.0.zarr/negative	401	4038	0.018092071148532174	0.21339177895196126	0.22970856481973367
Oeuropaea	chr8_gene_489.t1	chr8	-	True	changed_donor	11732920	11730952	True	-0.0026132811169725656	-0.03677314122480713	-0.0392773744134951	genecad_result/predictions/Oeuropaea_full_finetuned/chr8/predictions_chr8/predictions.0.zarr/negative	200	6464	True	-0.0007896060670820049	-0.002823025554737235	-0.003606382704333555	genecad_result/predictions/Oeuropaea_full_finetuned/chr8/predictions_chr8/predictions.0.zarr/negative	200	4496	0.0018236750498905607	0.03395011567006989	0.03567099170916155
Oeuropaea	chr8_gene_504.t1	chr8	-	True	exact_chain_control	12199951	12199951	True	-0.015879830243598292	-0.16722162107850025	-0.1829831184890156	genecad_result/predictions/Oeuropaea_full_finetuned/chr8/predictions_chr8/predictions.0.zarr/negative	190	43415	True	-0.015879830243598292	-0.16722162107850025	-0.1829831184890156	genecad_result/predictions/Oeuropaea_full_finetuned/chr8/predictions_chr8/predictions.0.zarr/negative	190	43415	0.0	0.0	0.0
Oeuropaea	chr8_gene_565.t1	chr8	-	True	exact_chain_control	13392579	13392579	True	-0.00395585727891179	-0.051235821300195106	-0.054970163151889295	genecad_result/predictions/Oeuropaea_full_finetuned/chr8/predictions_chr8/predictions.0.zarr/negative	164	27723	True	-0.00395585727891179	-0.051235821300195106	-0.054970163151889295	genecad_result/predictions/Oeuropaea_full_finetuned/chr8/predictions_chr8/predictions.0.zarr/negative	164	27723	0.0	0.0	0.0
Oeuropaea	chr8_gene_792.t1	chr8	+	True	exact_chain_control	17349618	17349618	True	-0.0100143932921819	-0.04630885699077236	-0.0558471609399005	genecad_result/predictions/Oeuropaea_full_finetuned/chr8/predictions_chr8/predictions.0.zarr/positive	368	15346	True	-0.0100143932921819	-0.04630885699077236	-0.0558471609399005	genecad_result/predictions/Oeuropaea_full_finetuned/chr8/predictions_chr8/predictions.0.zarr/positive	368	15346	0.0	0.0	0.0
Oeuropaea	scaffold1075_gene_26.t1	scaffold1075	+	True	exact_chain_control	351605	351605	True	-0.018505433724588016	-0.14998602087414215	-0.1681253877940354	genecad_result/predictions/Oeuropaea_full_finetuned/scaffold1075/predictions_scaffold1075/predictions.0.zarr/positive	7	21877	True	-0.018505433724588016	-0.14998602087414215	-0.1681253877940354	genecad_result/predictions/Oeuropaea_full_finetuned/scaffold1075/predictions_scaffold1075/predictions.0.zarr/positive	7	21877	0.0	0.0	0.0
Oeuropaea	scaffold1084_gene_17.t1	scaffold1084	-	False	changed_donor	351735	349128	True	-10.625037427221576	-0.11629205458517156	-10.741366710692684	genecad_result/predictions/Oeuropaea_full_finetuned/scaffold1084/predictions_scaffold1084/predictions.0.zarr/negative	0	23186	True	-10.531291053920263	-0.022008254961026985	-10.553320111569825	genecad_result/predictions/Oeuropaea_full_finetuned/scaffold1084/predictions_scaffold1084/predictions.0.zarr/negative	0	20579	0.09374637330131286	0.09428379962414457	0.1880465991228597
Oeuropaea	scaffold11773_gene_1.t1	scaffold11773	-	False	exact_chain_control	2694	2694	True	-0.01083732215570965	-0.06286466156461978	-0.07302385884999385	genecad_result/predictions/Oeuropaea_full_finetuned/scaffold11773/predictions_scaffold11773/predictions.0.zarr/negative	0	2694	True	-0.01083732215570965	-0.06286466156461978	-0.07302385884999385	genecad_result/predictions/Oeuropaea_full_finetuned/scaffold11773/predictions_scaffold11773/predictions.0.zarr/negative	0	2694	0.0	0.0	0.0
Oeuropaea	scaffold1243_gene_2.t1	scaffold1243	-	True	exact_chain_control	13746	13746	True	-0.00273670115696234	-0.02445063040343598	-0.02714134145511249	genecad_result/predictions/Oeuropaea_full_finetuned/scaffold1243/predictions_scaffold1243/predictions.0.zarr/negative	4	3506	True	-0.00273670115696234	-0.02445063040343598	-0.02714134145511249	genecad_result/predictions/Oeuropaea_full_finetuned/scaffold1243/predictions_scaffold1243/predictions.0.zarr/negative	4	3506	0.0	0.0	0.0
Oeuropaea	scaffold1251_gene_5.t1	scaffold1251	+	True	changed_donor	279360	281148	True	-0.06503075252268031	-0.30656109215295135	-0.3708428340415737	genecad_result/predictions/Oeuropaea_full_finetuned/scaffold1251/predictions_scaffold1251/predictions.0.zarr/positive	5	43840	True	-0.0008531603020980327	-0.002736233536729138	-0.00358608290343021	genecad_result/predictions/Oeuropaea_full_finetuned/scaffold1251/predictions_scaffold1251/predictions.0.zarr/positive	5	45628	0.06417759222058228	0.3038248586162222	0.3672567511381435
Oeuropaea	scaffold1259_gene_23.t1	scaffold1259	-	True	changed_donor	208750	207175	True	-10.9062820414373	-0.31417079041717466	-11.220509092379526	genecad_result/predictions/Oeuropaea_full_finetuned/scaffold1259/predictions_scaffold1259/predictions.0.zarr/negative	5	44209	True	-0.0056156949507517595	-0.021889300896091868	-0.027392862745513114	genecad_result/predictions/Oeuropaea_full_finetuned/scaffold1259/predictions_scaffold1259/predictions.0.zarr/negative	5	42634	10.900666346486549	0.2922814895210828	11.193116229634013
Oeuropaea	scaffold1280_gene_13.t1	scaffold1280	+	True	exact_chain_control	203854	203854	True	-0.009267347861693587	-0.0980650514931507	-0.1064318122213117	genecad_result/predictions/Oeuropaea_full_finetuned/scaffold1280/predictions_scaffold1280/predictions.0.zarr/positive	4	15438	True	-0.009267347861693587	-0.0980650514931507	-0.1064318122213117	genecad_result/predictions/Oeuropaea_full_finetuned/scaffold1280/predictions_scaffold1280/predictions.0.zarr/positive	4	15438	0.0	0.0	0.0
Oeuropaea	scaffold1301_gene_11.t1	scaffold1301	+	True	exact_chain_control	80405	80405	True	-0.00937913030631421	-0.08340512868406957	-0.09198925498377397	genecad_result/predictions/Oeuropaea_full_finetuned/scaffold1301/predictions_scaffold1301/predictions.0.zarr/positive	1	33301	True	-0.00937913030631421	-0.08340512868406957	-0.09198925498377397	genecad_result/predictions/Oeuropaea_full_finetuned/scaffold1301/predictions_scaffold1301/predictions.0.zarr/positive	1	33301	0.0	0.0	0.0
Oeuropaea	scaffold134_gene_14.t1	scaffold134	+	True	changed_donor	428716	430730	True	-0.010027023562547477	-0.04288001510145545	-0.05246749331769962	genecad_result/predictions/Oeuropaea_full_finetuned/scaffold134/predictions_scaffold134/predictions.0.zarr/positive	9	4780	True	-5.6162771597409495	-7.4785464337868985	-13.095738562209934	genecad_result/predictions/Oeuropaea_full_finetuned/scaffold134/predictions_scaffold134/predictions.0.zarr/positive	9	6794	-5.606250136178402	-7.435666418685443	-13.043271068892235
Oeuropaea	scaffold1422_gene_16.t1	scaffold1422	+	True	changed_donor	172932	174984	True	-9.71882747331549	-0.2893820721512741	-10.008341836839897	genecad_result/predictions/Oeuropaea_full_finetuned/scaffold1422/predictions_scaffold1422/predictions.0.zarr/positive	4	900	True	-6.60561065044233	-6.7140265548883304	-13.317550507561327	genecad_result/predictions/Oeuropaea_full_finetuned/scaffold1422/predictions_scaffold1422/predictions.0.zarr/positive	4	2952	3.1132168228731594	-6.424644482737056	-3.3092086707214303
Oeuropaea	scaffold1595_gene_10.t1	scaffold1595	+	True	changed_donor	169598	172145	True	-0.007342669957236758	-0.05153371325087175	-0.05852442068898078	genecad_result/predictions/Oeuropaea_full_finetuned/scaffold1595/predictions_scaffold1595/predictions.0.zarr/positive	3	28286	True	-0.0004102765172628864	-0.0015578386541559297	-0.0019646384200511235	genecad_result/predictions/Oeuropaea_full_finetuned/scaffold1595/predictions_scaffold1595/predictions.0.zarr/positive	3	30833	0.006932393439973872	0.04997587459671582	0.05655978226892966
Oeuropaea	scaffold1618_gene_6.t1	scaffold1618	-	True	changed_donor	94255	89927	True	-4.019370330889833	-0.6384095327093098	-4.659692371075309	genecad_result/predictions/Oeuropaea_full_finetuned/scaffold1618/predictions_scaffold1618/predictions.0.zarr/negative	2	18124	True	-0.0028040671590749966	-0.017180385130006748	-0.019931711209691727	genecad_result/predictions/Oeuropaea_full_finetuned/scaffold1618/predictions_scaffold1618/predictions.0.zarr/negative	2	13796	4.016566263730758	0.621229147579303	4.639760659865617
Oeuropaea	scaffold1806_gene_6.t1	scaffold1806	-	True	exact_chain_control	133608	133608	True	-0.004509031141521014	-0.04462156059048006	-0.04889679604088837	genecad_result/predictions/Oeuropaea_full_finetuned/scaffold1806/predictions_scaffold1806/predictions.0.zarr/negative	2	514	True	-0.004509031141521014	-0.04462156059048006	-0.04889679604088837	genecad_result/predictions/Oeuropaea_full_finetuned/scaffold1806/predictions_scaffold1806/predictions.0.zarr/negative	2	514	0.0	0.0	0.0
Oeuropaea	scaffold1866_gene_4.t1	scaffold1866	+	False	changed_donor	77777	76225	True	-7.052491336841102	-1.2339651256735829	-8.284864267582517	genecad_result/predictions/Oeuropaea_full_finetuned/scaffold1866/predictions_scaffold1866/predictions.0.zarr/positive	1	38865	True	-0.041310580053145696	-0.4070996227812178	-0.44496665693409954	genecad_result/predictions/Oeuropaea_full_finetuned/scaffold1866/predictions_scaffold1866/predictions.0.zarr/positive	1	37313	7.011180756787956	0.826865502892365	7.839897610648418
Oeuropaea	scaffold2146_gene_5.t1	scaffold2146	+	True	exact_chain_control	65255	65255	True	-0.011359815783299698	-0.10161635127756208	-0.11188869475933805	genecad_result/predictions/Oeuropaea_full_finetuned/scaffold2146/predictions_scaffold2146/predictions.0.zarr/positive	1	22247	True	-0.011359815783299698	-0.10161635127756208	-0.11188869475933805	genecad_result/predictions/Oeuropaea_full_finetuned/scaffold2146/predictions_scaffold2146/predictions.0.zarr/positive	1	22247	0.0	0.0	0.0
Oeuropaea	scaffold2302_gene_4.t1	scaffold2302	-	True	changed_donor	40113	38000	True	-2.749107723866917	-2.3809973539809244	-5.1294765282142585	genecad_result/predictions/Oeuropaea_full_finetuned/scaffold2302/predictions_scaffold2302/predictions.0.zarr/negative	1	9368	True	-0.010947187108464096	-0.03485448467383545	-0.04545884157269997	genecad_result/predictions/Oeuropaea_full_finetuned/scaffold2302/predictions_scaffold2302/predictions.0.zarr/negative	1	7255	2.738160536758453	2.346142869307089	5.084017686641559
Oeuropaea	scaffold2618_gene_6.t1	scaffold2618	-	True	changed_donor	83171	77757	True	-10.50005387688897	-0.5656308734531201	-11.065752931393693	genecad_result/predictions/Oeuropaea_full_finetuned/scaffold2618/predictions_scaffold2618/predictions.0.zarr/negative	0	45269	True	-0.02357606348229835	-0.1477915312721345	-0.17029863142148116	genecad_result/predictions/Oeuropaea_full_finetuned/scaffold2618/predictions_scaffold2618/predictions.0.zarr/negative	0	39855	10.476477813406671	0.4178393421809856	10.895454299972211
Oeuropaea	scaffold2673_gene_9.t1	scaffold2673	-	True	exact_chain_control	81167	81167	True	-0.0036903048563585727	-0.03095610948242733	-0.034532656563746045	genecad_result/predictions/Oeuropaea_full_finetuned/scaffold2673/predictions_scaffold2673/predictions.0.zarr/negative	0	42778	True	-0.0036903048563585727	-0.03095610948242733	-0.034532656563746045	genecad_result/predictions/Oeuropaea_full_finetuned/scaffold2673/predictions_scaffold2673/predictions.0.zarr/negative	0	42778	0.0	0.0	0.0
Oeuropaea	scaffold2718_gene_2.t1	scaffold2718	+	False	exact_chain_control	21949	21949	True	-0.01504586614568737	-0.10221857473769846	-0.11723617279573295	genecad_result/predictions/Oeuropaea_full_finetuned/scaffold2718/predictions_scaffold2718/predictions.0.zarr/positive	0	21949	True	-0.01504586614568737	-0.10221857473769846	-0.11723617279573295	genecad_result/predictions/Oeuropaea_full_finetuned/scaffold2718/predictions_scaffold2718/predictions.0.zarr/positive	0	21949	0.0	0.0	0.0
Oeuropaea	scaffold2757_gene_5.t1	scaffold2757	-	True	changed_donor	60898	56996	True	-0.0069600980358335285	-0.060771972192702695	-0.06736083342590282	genecad_result/predictions/Oeuropaea_full_finetuned/scaffold2757/predictions_scaffold2757/predictions.0.zarr/negative	0	16256	True	-0.0005703106339520758	-0.0025218112779272772	-0.003090590001024296	genecad_result/predictions/Oeuropaea_full_finetuned/scaffold2757/predictions_scaffold2757/predictions.0.zarr/negative	0	12354	0.006389787401881453	0.05825016091477542	0.06427024342487853
Oeuropaea	scaffold2783_gene_2.t1	scaffold2783	-	True	changed_donor	18774	13410	True	-0.01288994004315036	-0.22435634972578322	-0.23774456622823026	genecad_result/predictions/Oeuropaea_full_finetuned/scaffold2783/predictions_scaffold2783/predictions.0.zarr/negative	2	16726	True	-0.0009462447024786158	-0.0017440668740409393	-0.0026886534420933472	genecad_result/predictions/Oeuropaea_full_finetuned/scaffold2783/predictions_scaffold2783/predictions.0.zarr/negative	2	11362	0.011943695340671745	0.22261228285174228	0.2350559127861369
Oeuropaea	scaffold290_gene_1.t1	scaffold290	+	True	exact_chain_control	34122	34122	True	-0.005774694222991705	-0.05467751361325934	-0.06012859412813221	genecad_result/predictions/Oeuropaea_full_finetuned/scaffold290/predictions_scaffold290/predictions.0.zarr/positive	0	34122	True	-0.005774694222991705	-0.05467751361325934	-0.06012859412813221	genecad_result/predictions/Oeuropaea_full_finetuned/scaffold290/predictions_scaffold290/predictions.0.zarr/positive	0	34122	0.0	0.0	0.0
Oeuropaea	scaffold293_gene_27.t1	scaffold293	-	True	changed_donor	623283	619211	True	-9.54699595792217	-0.8423305025138932	-10.389353669688713	genecad_result/predictions/Oeuropaea_full_finetuned/scaffold293/predictions_scaffold293/predictions.0.zarr/negative	0	43904	True	-0.00030838460603099804	-0.0008954908463101319	-0.0012018260277129045	genecad_result/predictions/Oeuropaea_full_finetuned/scaffold293/predictions_scaffold293/predictions.0.zarr/negative	0	39832	9.54668757331614	0.841435011667583	10.388151843661
Oeuropaea	scaffold3048_gene_4.t1	scaffold3048	+	True	exact_chain_control	25487	25487	True	-0.004785881810185799	-0.040491709322746594	-0.04512674343717915	genecad_result/predictions/Oeuropaea_full_finetuned/scaffold3048/predictions_scaffold3048/predictions.0.zarr/positive	0	25487	True	-0.004785881810185799	-0.040491709322746594	-0.04512674343717915	genecad_result/predictions/Oeuropaea_full_finetuned/scaffold3048/predictions_scaffold3048/predictions.0.zarr/positive	0	25487	0.0	0.0	0.0
Oeuropaea	scaffold3298_gene_5.t1	scaffold3298	-	False	changed_donor	30474	27307	True	-0.006598904211094325	-0.06593472436484271	-0.07212705981544953	genecad_result/predictions/Oeuropaea_full_finetuned/scaffold3298/predictions_scaffold3298/predictions.0.zarr/negative	0	7684	True	-4.638455891006564	-7.642249075668142	-12.282875085674167	genecad_result/predictions/Oeuropaea_full_finetuned/scaffold3298/predictions_scaffold3298/predictions.0.zarr/negative	0	4517	-4.631856986795469	-7.576314351303299	-12.210748025858717
Oeuropaea	scaffold349_gene_11.t1	scaffold349	+	True	changed_donor	179516	181145	True	-9.437614159423859	-0.11460242013629873	-9.552220744884135	genecad_result/predictions/Oeuropaea_full_finetuned/scaffold349/predictions_scaffold349/predictions.0.zarr/positive	3	38204	True	-0.008138078770850043	-0.010458321176376018	-0.0184976248333113	genecad_result/predictions/Oeuropaea_full_finetuned/scaffold349/predictions_scaffold349/predictions.0.zarr/positive	3	39833	9.429476080653009	0.10414409895992272	9.533723120050823
Oeuropaea	scaffold3592_gene_4.t1	scaffold3592	-	False	changed_donor	29027	27727	True	-0.05847756506261215	-0.4747435564288094	-0.5346604947962863	genecad_result/predictions/Oeuropaea_full_finetuned/scaffold3592/predictions_scaffold3592/predictions.0.zarr/negative	0	29027	True	-1.5028179008767624	-0.40116031474475067	-1.9032569439209035	genecad_result/predictions/Oeuropaea_full_finetuned/scaffold3592/predictions_scaffold3592/predictions.0.zarr/negative	0	27727	-1.4443403358141502	0.07358324168405872	-1.3685964491246172
Oeuropaea	scaffold3842_gene_5.t1	scaffold3842	+	False	changed_donor	50038	50147	True	-0.012299936966957858	-0.07663388305436891	-0.08909095884499107	genecad_result/predictions/Oeuropaea_full_finetuned/scaffold3842/predictions_scaffold3842/predictions.0.zarr/positive	1	15222	True	-10.531287899200962	-0.1063788942654087	-10.63771846581016	genecad_result/predictions/Oeuropaea_full_finetuned/scaffold3842/predictions_scaffold3842/predictions.0.zarr/positive	1	15331	-10.518987962234004	-0.029745011211039785	-10.548627506965168
Oeuropaea	scaffold3965_gene_3.t1	scaffold3965	-	False	changed_donor	55852	53582	True	-10.843778299667093	-0.15366070555661615	-10.997497549784903	genecad_result/predictions/Oeuropaea_full_finetuned/scaffold3965/predictions_scaffold3965/predictions.0.zarr/negative	0	20227	True	-0.006674054661985451	-0.009622826415711216	-0.01623355331833931	genecad_result/predictions/Oeuropaea_full_finetuned/scaffold3965/predictions_scaffold3965/predictions.0.zarr/negative	0	17957	10.837104245005108	0.14403787914090493	10.981263996466563
Oeuropaea	scaffold4768_gene_2.t1	scaffold4768	+	False	changed_donor	62721	62786	True	-8.047303665834068	-0.3981895696745861	-8.445388997006033	genecad_result/predictions/Oeuropaea_full_finetuned/scaffold4768/predictions_scaffold4768/predictions.0.zarr/positive	1	27905	True	-2.915583269391396	-0.3504759312502177	-3.263257096052266	genecad_result/predictions/Oeuropaea_full_finetuned/scaffold4768/predictions_scaffold4768/predictions.0.zarr/positive	1	27970	5.131720396442672	0.047713638424368376	5.182131900953767
Oeuropaea	scaffold520_gene_11.t1	scaffold520	+	True	changed_donor	124780	126403	True	-0.0064089232556328035	-0.14222152377094366	-0.14772664987365003	genecad_result/predictions/Oeuropaea_full_finetuned/scaffold520/predictions_scaffold520/predictions.0.zarr/positive	2	30572	True	-0.00040217279908816295	-0.0028188980224390647	-0.0032153826659460094	genecad_result/predictions/Oeuropaea_full_finetuned/scaffold520/predictions_scaffold520/predictions.0.zarr/positive	2	32195	0.006006750456544641	0.1394026257485046	0.14451126720770402
Oeuropaea	scaffold732_gene_35.t1	scaffold732	-	True	exact_chain_control	604455	604455	True	-0.009374557789224358	-0.30447129659725913	-0.3114295536617102	genecad_result/predictions/Oeuropaea_full_finetuned/scaffold732/predictions_scaffold732/predictions.0.zarr/negative	0	29611	True	-0.009374557789224358	-0.30447129659725913	-0.3114295536617102	genecad_result/predictions/Oeuropaea_full_finetuned/scaffold732/predictions_scaffold732/predictions.0.zarr/negative	0	29611	0.0	0.0	0.0
Oeuropaea	scaffold83_gene_50.t1	scaffold83	-	True	exact_chain_control	1253247	1253247	True	-0.004532248044887943	-0.05676962021021659	-0.06101034225867075	genecad_result/predictions/Oeuropaea_full_finetuned/scaffold83/predictions_scaffold83/predictions.0.zarr/negative	1	36802	True	-0.004532248044887943	-0.05676962021021659	-0.06101034225867075	genecad_result/predictions/Oeuropaea_full_finetuned/scaffold83/predictions_scaffold83/predictions.0.zarr/negative	1	36802	0.0	0.0	0.0
Lervoides	Ler.1DRT.Chr1_gene_2798.t1	Ler.1DRT.Chr1	+	True	exact_chain_control	281242052	281242052	True	-0.002008275409727922	-0.012924303829799477	-0.014898588088336773	genecad_result/predictions/Lervoides_full_finetuned/Ler.1DRT.Chr1/predictions_Ler.1DRT.Chr1/predictions.0.zarr/positive	1934	22980	True	-0.002008275409727922	-0.012924303829799477	-0.014898588088336773	genecad_result/predictions/Lervoides_full_finetuned/Ler.1DRT.Chr1/predictions_Ler.1DRT.Chr1/predictions.0.zarr/positive	1934	22980	0.0	0.0	0.0
Lervoides	Ler.1DRT.Chr1_gene_2799.t1	Ler.1DRT.Chr1	+	True	exact_chain_control	281254760	281254760	True	-0.002897624870816351	-0.0337345549632273	-0.03651233456744585	genecad_result/predictions/Lervoides_full_finetuned/Ler.1DRT.Chr1/predictions_Ler.1DRT.Chr1/predictions.0.zarr/positive	1934	35688	True	-0.002897624870816351	-0.0337345549632273	-0.03651233456744585	genecad_result/predictions/Lervoides_full_finetuned/Ler.1DRT.Chr1/predictions_Ler.1DRT.Chr1/predictions.0.zarr/positive	1934	35688	0.0	0.0	0.0
Lervoides	Ler.1DRT.Chr1_gene_2804.t1	Ler.1DRT.Chr1	+	False	changed_donor	281596238	281600162	True	-0.001663517171929918	-0.016624493492678916	-0.01825421767756019	genecad_result/predictions/Lervoides_full_finetuned/Ler.1DRT.Chr1/predictions_Ler.1DRT.Chr1/predictions.0.zarr/positive	1936	86350	True	-0.000417648001041826	-0.0015590362849087214	-0.001973250804307547	genecad_result/predictions/Lervoides_full_finetuned/Ler.1DRT.Chr1/predictions_Ler.1DRT.Chr1/predictions.0.zarr/positive	1936	90274	0.001245869170888092	0.015065457207770194	0.016280966873252645
Lervoides	Ler.1DRT.Chr1_gene_3061.t1	Ler.1DRT.Chr1	-	False	changed_donor	298586588	298588577	True	-10.812533363081196	-0.4615310930480101	-11.274133377547173	genecad_result/predictions/Lervoides_full_finetuned/Ler.1DRT.Chr1/predictions_Ler.1DRT.Chr1/predictions.0.zarr/negative	815	74199	True	-10.078199986762028	-4.434941706261839	-14.513071944132225	genecad_result/predictions/Lervoides_full_finetuned/Ler.1DRT.Chr1/predictions_Ler.1DRT.Chr1/predictions.0.zarr/negative	815	76188	0.7343333763191673	-3.9734106132138285	-3.238938566585052
Lervoides	Ler.1DRT.Chr1_gene_3474.t1	Ler.1DRT.Chr1	+	False	changed_donor	325113564	325128220	True	-0.026415633257616644	-0.3842859626556505	-0.4073866663182488	genecad_result/predictions/Lervoides_full_finetuned/Ler.1DRT.Chr1/predictions_Ler.1DRT.Chr1/predictions.0.zarr/positive	2235	126684	True	-15.500000430534273	-0.007984779850803037	-15.507986104440956	genecad_result/predictions/Lervoides_full_finetuned/Ler.1DRT.Chr1/predictions_Ler.1DRT.Chr1/predictions.0.zarr/positive	2235	141340	-15.473584797276656	0.3763011828048475	-15.100599438122707
Lervoides	Ler.1DRT.Chr1_gene_4054.t1	Ler.1DRT.Chr1	+	True	exact_chain_control	371365923	371365923	True	-0.003734379053965675	-0.022117774169231552	-0.025753077972990646	genecad_result/predictions/Lervoides_full_finetuned/Ler.1DRT.Chr1/predictions_Ler.1DRT.Chr1/predictions.0.zarr/positive	2553	139299	True	-0.003734379053965675	-0.022117774169231552	-0.025753077972990646	genecad_result/predictions/Lervoides_full_finetuned/Ler.1DRT.Chr1/predictions_Ler.1DRT.Chr1/predictions.0.zarr/positive	2553	139299	0.0	0.0	0.0
Lervoides	Ler.1DRT.Chr1_gene_4236.t1	Ler.1DRT.Chr1	-	True	exact_chain_control	386003410	386003410	True	-0.005175950548745867	-0.02586774486431498	-0.030927200360101992	genecad_result/predictions/Lervoides_full_finetuned/Ler.1DRT.Chr1/predictions_Ler.1DRT.Chr1/predictions.0.zarr/negative	215	123341	True	-0.005175950548745867	-0.02586774486431498	-0.030927200360101992	genecad_result/predictions/Lervoides_full_finetuned/Ler.1DRT.Chr1/predictions_Ler.1DRT.Chr1/predictions.0.zarr/negative	215	123341	0.0	0.0	0.0
Lervoides	Ler.1DRT.Chr2_gene_1304.t1	Ler.1DRT.Chr2	+	True	changed_donor	50326270	50330882	True	-0.012011367419524355	-0.07871178661602496	-0.09098721916440278	genecad_result/predictions/Lervoides_full_finetuned/Ler.1DRT.Chr2/predictions_Ler.1DRT.Chr2/predictions.0.zarr/positive	346	15102	True	-8.312857935315206	-0.030252962656765803	-8.34309982621094	genecad_result/predictions/Lervoides_full_finetuned/Ler.1DRT.Chr2/predictions_Ler.1DRT.Chr2/predictions.0.zarr/positive	346	19714	-8.300846567895682	0.048458823959259156	-8.252112607046538
Lervoides	Ler.1DRT.Chr2_gene_1630.t1	Ler.1DRT.Chr2	-	True	exact_chain_control	71466719	71466719	True	-0.011304485643097717	-0.19866201539834716	-0.20793136179653704	genecad_result/predictions/Lervoides_full_finetuned/Ler.1DRT.Chr2/predictions_Ler.1DRT.Chr2/predictions.0.zarr/negative	2912	66590	True	-0.011304485643097717	-0.19866201539834716	-0.20793136179653704	genecad_result/predictions/Lervoides_full_finetuned/Ler.1DRT.Chr2/predictions_Ler.1DRT.Chr2/predictions.0.zarr/negative	2912	66590	0.0	0.0	0.0
Lervoides	Ler.1DRT.Chr2_gene_2176.t1	Ler.1DRT.Chr2	-	True	exact_chain_control	132270425	132270425	True	-0.003373936547235168	-0.030986239018443662	-0.03427221089562771	genecad_result/predictions/Lervoides_full_finetuned/Ler.1DRT.Chr2/predictions_Ler.1DRT.Chr2/predictions.0.zarr/negative	2494	81560	True	-0.003373936547235168	-0.030986239018443662	-0.03427221089562771	genecad_result/predictions/Lervoides_full_finetuned/Ler.1DRT.Chr2/predictions_Ler.1DRT.Chr2/predictions.0.zarr/negative	2494	81560	0.0	0.0	0.0
Lervoides	Ler.1DRT.Chr2_gene_2462.t1	Ler.1DRT.Chr2	-	True	exact_chain_control	170894046	170894046	True	-0.009368999431945468	-0.022488281604168492	-0.03161288271840146	genecad_result/predictions/Lervoides_full_finetuned/Ler.1DRT.Chr2/predictions_Ler.1DRT.Chr2/predictions.0.zarr/negative	2229	110621	True	-0.009368999431945468	-0.022488281604168492	-0.03161288271840146	genecad_result/predictions/Lervoides_full_finetuned/Ler.1DRT.Chr2/predictions_Ler.1DRT.Chr2/predictions.0.zarr/negative	2229	110621	0.0	0.0	0.0
Lervoides	Ler.1DRT.Chr2_gene_2570.t1	Ler.1DRT.Chr2	+	True	exact_chain_control	188043881	188043881	True	-0.0023770920519625705	-0.010600192032778288	-0.012951795981770431	genecad_result/predictions/Lervoides_full_finetuned/Ler.1DRT.Chr2/predictions_Ler.1DRT.Chr2/predictions.0.zarr/positive	1293	31337	True	-0.0023770920519625705	-0.010600192032778288	-0.012951795981770431	genecad_result/predictions/Lervoides_full_finetuned/Ler.1DRT.Chr2/predictions_Ler.1DRT.Chr2/predictions.0.zarr/positive	1293	31337	0.0	0.0	0.0
Lervoides	Ler.1DRT.Chr2_gene_2643.t1	Ler.1DRT.Chr2	+	True	exact_chain_control	204597348	204597348	True	-0.004303689764801888	-0.02749064336990159	-0.0316462157464974	genecad_result/predictions/Lervoides_full_finetuned/Ler.1DRT.Chr2/predictions_Ler.1DRT.Chr2/predictions.0.zarr/positive	1407	8292	True	-0.004303689764801888	-0.02749064336990159	-0.0316462157464974	genecad_result/predictions/Lervoides_full_finetuned/Ler.1DRT.Chr2/predictions_Ler.1DRT.Chr2/predictions.0.zarr/positive	1407	8292	0.0	0.0	0.0
Lervoides	Ler.1DRT.Chr2_gene_2864.t1	Ler.1DRT.Chr2	-	True	changed_donor	231471113	231484091	True	-0.33190887934300406	-0.568857084708235	-0.899106464148062	genecad_result/predictions/Lervoides_full_finetuned/Ler.1DRT.Chr2/predictions_Ler.1DRT.Chr2/predictions.0.zarr/negative	1812	40264	True	-0.04875682057549957	-0.6858875802945237	-0.7338114460151237	genecad_result/predictions/Lervoides_full_finetuned/Ler.1DRT.Chr2/predictions_Ler.1DRT.Chr2/predictions.0.zarr/negative	1812	53242	0.2831520587675045	-0.11703049558628864	0.16529501813293823
Lervoides	Ler.1DRT.Chr2_gene_5792.t1	Ler.1DRT.Chr2	+	True	changed_donor	485287923	485287551	True	-8.906432503629716	-0.13774373926730288	-9.044327504299869	genecad_result/predictions/Lervoides_full_finetuned/Ler.1DRT.Chr2/predictions_Ler.1DRT.Chr2/predictions.0.zarr/positive	3337	61427	True	-0.0233349292195979	-0.16248682144253435	-0.18470596808567752	genecad_result/predictions/Lervoides_full_finetuned/Ler.1DRT.Chr2/predictions_Ler.1DRT.Chr2/predictions.0.zarr/positive	3337	61055	8.883097574410119	-0.024743082175231468	8.859621536214192
Lervoides	Ler.1DRT.Chr3_gene_833.t1	Ler.1DRT.Chr3	+	True	changed_donor	69643278	69641999	True	-9.312638860475472	-0.5862892586953192	-9.899068433690402	genecad_result/predictions/Lervoides_full_finetuned/Ler.1DRT.Chr3/predictions_Ler.1DRT.Chr3/predictions.0.zarr/positive	478	138254	True	-8.230898342135896	-6.3684417057308	-14.598902355815603	genecad_result/predictions/Lervoides_full_finetuned/Ler.1DRT.Chr3/predictions_Ler.1DRT.Chr3/predictions.0.zarr/positive	478	136975	1.0817405183395756	-5.782152447035481	-4.699833922125201
Lervoides	Ler.1DRT.Chr3_gene_1515.t1	Ler.1DRT.Chr3	+	True	exact_chain_control	141957970	141957970	True	-0.004143469056594906	-0.049429938099920356	-0.053411924214233686	genecad_result/predictions/Lervoides_full_finetuned/Ler.1DRT.Chr3/predictions_Ler.1DRT.Chr3/predictions.0.zarr/positive	976	39762	True	-0.004143469056594906	-0.049429938099920356	-0.053411924214233686	genecad_result/predictions/Lervoides_full_finetuned/Ler.1DRT.Chr3/predictions_Ler.1DRT.Chr3/predictions.0.zarr/positive	976	39762	0.0	0.0	0.0
Lervoides	Ler.1DRT.Chr4_gene_189.t1	Ler.1DRT.Chr4	-	False	changed_donor	6355700	6355386	True	-0.015183435303966153	-0.048506748098232855	-0.06364383561370834	genecad_result/predictions/Lervoides_full_finetuned/Ler.1DRT.Chr4/predictions_Ler.1DRT.Chr4/predictions.0.zarr/negative	2681	83639	True	-10.250052652104998	-0.04664333967431045	-10.296729029673534	genecad_result/predictions/Lervoides_full_finetuned/Ler.1DRT.Chr4/predictions_Ler.1DRT.Chr4/predictions.0.zarr/negative	2681	83325	-10.234869216801032	0.001863408423922408	-10.233085194059825
Lervoides	Ler.1DRT.Chr4_gene_1872.t1	Ler.1DRT.Chr4	+	True	exact_chain_control	186024998	186024998	True	-0.5901628820199267	-0.23358779224032222	-0.8240879836020163	genecad_result/predictions/Lervoides_full_finetuned/Ler.1DRT.Chr4/predictions_Ler.1DRT.Chr4/predictions.0.zarr/positive	1279	48166	True	-0.5901628820199267	-0.23358779224032222	-0.8240879836020163	genecad_result/predictions/Lervoides_full_finetuned/Ler.1DRT.Chr4/predictions_Ler.1DRT.Chr4/predictions.0.zarr/positive	1279	48166	0.0	0.0	0.0
Lervoides	Ler.1DRT.Chr5_gene_1224.t1	Ler.1DRT.Chr5	+	True	exact_chain_control	36066414	36066414	True	-0.0068855557566696035	-0.03434563416045844	-0.0409361595632145	genecad_result/predictions/Lervoides_full_finetuned/Ler.1DRT.Chr5/predictions_Ler.1DRT.Chr5/predictions.0.zarr/positive	248	5230	True	-0.0068855557566696035	-0.03434563416045844	-0.0409361595632145	genecad_result/predictions/Lervoides_full_finetuned/Ler.1DRT.Chr5/predictions_Ler.1DRT.Chr5/predictions.0.zarr/positive	248	5230	0.0	0.0	0.0
Lervoides	Ler.1DRT.Chr5_gene_1238.t1	Ler.1DRT.Chr5	-	True	exact_chain_control	37256882	37256882	True	-0.001812480996863819	-0.02180439912781562	-0.02353969358114849	genecad_result/predictions/Lervoides_full_finetuned/Ler.1DRT.Chr5/predictions_Ler.1DRT.Chr5/predictions.0.zarr/negative	1980	5336	True	-0.001812480996863819	-0.02180439912781562	-0.02353969358114849	genecad_result/predictions/Lervoides_full_finetuned/Ler.1DRT.Chr5/predictions_Ler.1DRT.Chr5/predictions.0.zarr/negative	1980	5336	0.0	0.0	0.0
Lervoides	Ler.1DRT.Chr5_gene_2120.t1	Ler.1DRT.Chr5	+	False	exact_chain_control	159560429	159560429	True	-0.0018815994160963356	-0.013204459353637787	-0.015045238055152232	genecad_result/predictions/Lervoides_full_finetuned/Ler.1DRT.Chr5/predictions_Ler.1DRT.Chr5/predictions.0.zarr/positive	1097	47853	True	-0.0018815994160963356	-0.013204459353637787	-0.015045238055152232	genecad_result/predictions/Lervoides_full_finetuned/Ler.1DRT.Chr5/predictions_Ler.1DRT.Chr5/predictions.0.zarr/positive	1097	47853	0.0	0.0	0.0
Lervoides	Ler.1DRT.Chr5_gene_3976.t1	Ler.1DRT.Chr5	-	True	exact_chain_control	324432574	324432574	True	-0.011721829238463766	-0.13081717452166508	-0.1430266298173355	genecad_result/predictions/Lervoides_full_finetuned/Ler.1DRT.Chr5/predictions_Ler.1DRT.Chr5/predictions.0.zarr/negative	5	61668	True	-0.011721829238463766	-0.13081717452166508	-0.1430266298173355	genecad_result/predictions/Lervoides_full_finetuned/Ler.1DRT.Chr5/predictions_Ler.1DRT.Chr5/predictions.0.zarr/negative	5	61668	0.0	0.0	0.0
Lervoides	Ler.1DRT.Chr6_gene_547.t1	Ler.1DRT.Chr6	-	True	exact_chain_control	61276263	61276263	True	-0.003990181175245411	-0.04066746166259527	-0.044522474035151305	genecad_result/predictions/Lervoides_full_finetuned/Ler.1DRT.Chr6/predictions_Ler.1DRT.Chr6/predictions.0.zarr/negative	1913	133170	True	-0.003990181175245411	-0.04066746166259527	-0.044522474035151305	genecad_result/predictions/Lervoides_full_finetuned/Ler.1DRT.Chr6/predictions_Ler.1DRT.Chr6/predictions.0.zarr/negative	1913	133170	0.0	0.0	0.0
Lervoides	Ler.1DRT.Chr6_gene_1519.t1	Ler.1DRT.Chr6	-	False	changed_donor	172501535	172497143	True	-11.562516868447286	-0.13239681306339257	-11.694931824833812	genecad_result/predictions/Lervoides_full_finetuned/Ler.1DRT.Chr6/predictions_Ler.1DRT.Chr6/predictions.0.zarr/negative	1148	100842	True	-0.0026648428531226287	-0.021959235841307212	-0.024538343569243004	genecad_result/predictions/Lervoides_full_finetuned/Ler.1DRT.Chr6/predictions_Ler.1DRT.Chr6/predictions.0.zarr/negative	1148	96450	11.559852025594164	0.11043757722208536	11.670393481264568
Lervoides	Ler.1DRT.Chr6_gene_1638.t1	Ler.1DRT.Chr6	+	True	exact_chain_control	184329715	184329715	True	-0.003847781355624136	-0.02750864244762674	-0.031221749713926883	genecad_result/predictions/Lervoides_full_finetuned/Ler.1DRT.Chr6/predictions_Ler.1DRT.Chr6/predictions.0.zarr/positive	1267	97779	True	-0.003847781355624136	-0.02750864244762674	-0.031221749713926883	genecad_result/predictions/Lervoides_full_finetuned/Ler.1DRT.Chr6/predictions_Ler.1DRT.Chr6/predictions.0.zarr/positive	1267	97779	0.0	0.0	0.0
Lervoides	Ler.1DRT.Chr6_gene_2519.t1	Ler.1DRT.Chr6	-	True	exact_chain_control	252535102	252535102	True	-0.007343809196080464	-0.0446244605259718	-0.05160619405999345	genecad_result/predictions/Lervoides_full_finetuned/Ler.1DRT.Chr6/predictions_Ler.1DRT.Chr6/predictions.0.zarr/negative	598	119049	True	-0.007343809196080464	-0.0446244605259718	-0.05160619405999345	genecad_result/predictions/Lervoides_full_finetuned/Ler.1DRT.Chr6/predictions_Ler.1DRT.Chr6/predictions.0.zarr/negative	598	119049	0.0	0.0	0.0
Lervoides	Ler.1DRT.Chr7_gene_1816.t1	Ler.1DRT.Chr7	-	True	exact_chain_control	131394966	131394966	True	-0.001978062385010304	-0.01948648502918182	-0.021409701105279844	genecad_result/predictions/Lervoides_full_finetuned/Ler.1DRT.Chr7/predictions_Ler.1DRT.Chr7/predictions.0.zarr/negative	1917	13558	True	-0.001978062385010304	-0.01948648502918182	-0.021409701105279844	genecad_result/predictions/Lervoides_full_finetuned/Ler.1DRT.Chr7/predictions_Ler.1DRT.Chr7/predictions.0.zarr/negative	1917	13558	0.0	0.0	0.0
Lervoides	Ler.1DRT.Chr7_gene_2180.t1	Ler.1DRT.Chr7	-	True	exact_chain_control	202311888	202311888	True	-0.026803115172854497	-0.16359012109131177	-0.18873221451063582	genecad_result/predictions/Lervoides_full_finetuned/Ler.1DRT.Chr7/predictions_Ler.1DRT.Chr7/predictions.0.zarr/negative	1428	108592	True	-0.026803115172854497	-0.16359012109131177	-0.18873221451063582	genecad_result/predictions/Lervoides_full_finetuned/Ler.1DRT.Chr7/predictions_Ler.1DRT.Chr7/predictions.0.zarr/negative	1428	108592	0.0	0.0	0.0
Lervoides	Ler.1DRT.Chr7_gene_3077.t1	Ler.1DRT.Chr7	-	False	changed_donor	342090593	342089521	True	-12.437506407410542	-0.060253684038143795	-12.497765075408562	genecad_result/predictions/Lervoides_full_finetuned/Ler.1DRT.Chr7/predictions_Ler.1DRT.Chr7/predictions.0.zarr/negative	467	72385	True	-10.500041450042596	-0.04199376326527293	-10.542066396075072	genecad_result/predictions/Lervoides_full_finetuned/Ler.1DRT.Chr7/predictions_Ler.1DRT.Chr7/predictions.0.zarr/negative	467	71313	1.9374649573679452	0.018259920772870863	1.9556986793334907
Lervoides	Ler.1DRT.Chr7_gene_4176.t1	Ler.1DRT.Chr7	-	True	exact_chain_control	397827179	397827179	True	-0.0026211428943092585	-0.01997405931305618	-0.022545464052924125	genecad_result/predictions/Lervoides_full_finetuned/Ler.1DRT.Chr7/predictions_Ler.1DRT.Chr7/predictions.0.zarr/negative	85	107467	True	-0.0026211428943092585	-0.01997405931305618	-0.022545464052924125	genecad_result/predictions/Lervoides_full_finetuned/Ler.1DRT.Chr7/predictions_Ler.1DRT.Chr7/predictions.0.zarr/negative	85	107467	0.0	0.0	0.0
Lsativa	Lsat_1_v8_lg_0_gene_546.t1	Lsat_1_v8_lg_0	-	True	changed_donor	65041385	65040253	True	-0.02770363495859618	-0.10295059516864047	-0.13105574792637942	genecad_result/predictions/Lsativa_full_finetuned/Lsat_1_v8_lg_0/predictions_Lsat_1_v8_lg_0/predictions.0.zarr/negative	100	43124	True	-0.002094551157877156	-0.011222162833449012	-0.013298669051033052	genecad_result/predictions/Lsativa_full_finetuned/Lsat_1_v8_lg_0/predictions_Lsat_1_v8_lg_0/predictions.0.zarr/negative	100	41992	0.025609083800719024	0.09172843233519146	0.11775707887534637
Lsativa	Lsat_1_v8_lg_1_gene_145.t1	Lsat_1_v8_lg_1	+	True	changed_donor	6341117	6342172	True	-0.006551167484395215	-0.013400457166284241	-0.019872614812663336	genecad_result/predictions/Lsativa_full_finetuned/Lsat_1_v8_lg_1/predictions_Lsat_1_v8_lg_1/predictions.0.zarr/positive	26	4605	True	-0.0004828819946816054	-0.0020436198618529744	-0.0025268112739817994	genecad_result/predictions/Lsativa_full_finetuned/Lsat_1_v8_lg_1/predictions_Lsat_1_v8_lg_1/predictions.0.zarr/positive	26	5660	0.00606828548971361	0.011356837304431266	0.017345803538681537
Lsativa	Lsat_1_v8_lg_1_gene_2246.t1	Lsat_1_v8_lg_1	+	False	exact_chain_control	86506945	86506945	True	-0.015705096820928688	-0.06568601669741625	-0.08134957451452074	genecad_result/predictions/Lsativa_full_finetuned/Lsat_1_v8_lg_1/predictions_Lsat_1_v8_lg_1/predictions.0.zarr/positive	354	232897	True	-0.015705096820928688	-0.06568601669741625	-0.08134957451452074	genecad_result/predictions/Lsativa_full_finetuned/Lsat_1_v8_lg_1/predictions_Lsat_1_v8_lg_1/predictions.0.zarr/positive	354	232897	0.0	0.0	0.0
Lsativa	Lsat_1_v8_lg_1_gene_2260.t1	Lsat_1_v8_lg_1	+	False	changed_donor	87101363	87099919	True	-0.003911831102968222	-0.02332883288437948	-0.0271529320319015	genecad_result/predictions/Lsativa_full_finetuned/Lsat_1_v8_lg_1/predictions_Lsat_1_v8_lg_1/predictions.0.zarr/positive	357	96179	True	-2.923292629303864	-5.630774320698	-8.552658461874849	genecad_result/predictions/Lsativa_full_finetuned/Lsat_1_v8_lg_1/predictions_Lsat_1_v8_lg_1/predictions.0.zarr/positive	357	94735	-2.919380798200896	-5.607445487813621	-8.525505529842947
Lsativa	Lsat_1_v8_lg_1_gene_2307.t1	Lsat_1_v8_lg_1	-	False	changed_donor	88950965	88949293	True	-0.06003877627734333	-0.32154523183597217	-0.38246584686706564	genecad_result/predictions/Lsativa_full_finetuned/Lsat_1_v8_lg_1/predictions_Lsat_1_v8_lg_1/predictions.0.zarr/negative	515	224664	True	-0.00495343963738204	-0.020120948925876014	-0.02497766284443248	genecad_result/predictions/Lsativa_full_finetuned/Lsat_1_v8_lg_1/predictions_Lsat_1_v8_lg_1/predictions.0.zarr/negative	515	222992	0.05508533663996129	0.30142428291009615	0.35748818402263316
Lsativa	Lsat_1_v8_lg_1_gene_2482.t1	Lsat_1_v8_lg_1	+	False	exact_chain_control	99147247	99147247	True	-0.011887661854469211	-0.10127493901819085	-0.11362428743001862	genecad_result/predictions/Lsativa_full_finetuned/Lsat_1_v8_lg_1/predictions_Lsat_1_v8_lg_1/predictions.0.zarr/positive	406	200175	True	-0.011887661854469211	-0.10127493901819085	-0.11362428743001862	genecad_result/predictions/Lsativa_full_finetuned/Lsat_1_v8_lg_1/predictions_Lsat_1_v8_lg_1/predictions.0.zarr/positive	406	200175	0.0	0.0	0.0
Lsativa	Lsat_1_v8_lg_1_gene_2492.t1	Lsat_1_v8_lg_1	+	True	changed_donor	99449131	99451710	True	-0.041660898894468223	-0.8789510914810026	-0.9189023734759703	genecad_result/predictions/Lsativa_full_finetuned/Lsat_1_v8_lg_1/predictions_Lsat_1_v8_lg_1/predictions.0.zarr/positive	408	14635	True	-0.012839010570755427	-0.10768138695100005	-0.12079696440373588	genecad_result/predictions/Lsativa_full_finetuned/Lsat_1_v8_lg_1/predictions_Lsat_1_v8_lg_1/predictions.0.zarr/positive	408	17214	0.028821888323712797	0.7712697045300025	0.7981054090722344
Lsativa	Lsat_1_v8_lg_1_gene_2499.t1	Lsat_1_v8_lg_1	+	True	changed_donor	99573876	99575377	True	-0.009821590541198244	-0.09218151650500861	-0.10107819772409066	genecad_result/predictions/Lsativa_full_finetuned/Lsat_1_v8_lg_1/predictions_Lsat_1_v8_lg_1/predictions.0.zarr/positive	408	139380	True	-0.00295533467524578	-0.008258391761436279	-0.011197518152465946	genecad_result/predictions/Lsativa_full_finetuned/Lsat_1_v8_lg_1/predictions_Lsat_1_v8_lg_1/predictions.0.zarr/positive	408	140881	0.006866255865952464	0.08392312474357233	0.08988067957162471
Lsativa	Lsat_1_v8_lg_1_gene_2500.t1	Lsat_1_v8_lg_1	-	True	changed_donor	99602664	99601130	True	-0.027444099723741733	-0.2559521510068241	-0.28397576112228773	genecad_result/predictions/Lsativa_full_finetuned/Lsat_1_v8_lg_1/predictions_Lsat_1_v8_lg_1/predictions.0.zarr/negative	472	89547	True	-0.002281882902622989	-0.012675253610535897	-0.014911850744228516	genecad_result/predictions/Lsativa_full_finetuned/Lsat_1_v8_lg_1/predictions_Lsat_1_v8_lg_1/predictions.0.zarr/negative	472	88013	0.025162216821118744	0.24327689739628822	0.2690639103780592
Lsativa	Lsat_1_v8_lg_1_gene_2501.t1	Lsat_1_v8_lg_1	-	False	changed_donor	99684502	99682715	True	-0.009352727697623742	-0.08692667655164144	-0.09552872617625763	genecad_result/predictions/Lsativa_full_finetuned/Lsat_1_v8_lg_1/predictions_Lsat_1_v8_lg_1/predictions.0.zarr/negative	472	171385	True	-0.0028614818233272388	-0.0066288206280118445	-0.009468014399966584	genecad_result/predictions/Lsativa_full_finetuned/Lsat_1_v8_lg_1/predictions_Lsat_1_v8_lg_1/predictions.0.zarr/negative	472	169598	0.006491245874296503	0.08029785592362959	0.08606071177629104
Lsativa	Lsat_1_v8_lg_1_gene_2802.t1	Lsat_1_v8_lg_1	+	True	exact_chain_control	121438248	121438248	True	-0.0020696108114170997	-0.011965082519473036	-0.013999061543482405	genecad_result/predictions/Lsativa_full_finetuned/Lsat_1_v8_lg_1/predictions_Lsat_1_v8_lg_1/predictions.0.zarr/positive	498	69672	True	-0.0020696108114170997	-0.011965082519473036	-0.013999061543482405	genecad_result/predictions/Lsativa_full_finetuned/Lsat_1_v8_lg_1/predictions_Lsat_1_v8_lg_1/predictions.0.zarr/positive	498	69672	0.0	0.0	0.0
Lsativa	Lsat_1_v8_lg_2_gene_800.t1	Lsat_1_v8_lg_2	+	False	changed_donor	74797060	74797968	True	-0.0015108342279965825	-0.013163938334985303	-0.014636042070206301	genecad_result/predictions/Lsativa_full_finetuned/Lsat_1_v8_lg_2/predictions_Lsat_1_v8_lg_2/predictions.0.zarr/positive	306	221188	True	-5.053869092614928	-0.024100758783548226	-5.077794216245262	genecad_result/predictions/Lsativa_full_finetuned/Lsat_1_v8_lg_2/predictions_Lsat_1_v8_lg_2/predictions.0.zarr/positive	306	222096	-5.052358258386931	-0.010936820448562923	-5.063158174175055
Lsativa	Lsat_1_v8_lg_2_gene_2355.t1	Lsat_1_v8_lg_2	+	True	exact_chain_control	170133493	170133493	True	-0.002008102966839509	-0.011264897200968349	-0.013260828139304515	genecad_result/predictions/Lsativa_full_finetuned/Lsat_1_v8_lg_2/predictions_Lsat_1_v8_lg_2/predictions.0.zarr/positive	698	22517	True	-0.002008102966839509	-0.011264897200968349	-0.013260828139304515	genecad_result/predictions/Lsativa_full_finetuned/Lsat_1_v8_lg_2/predictions_Lsat_1_v8_lg_2/predictions.0.zarr/positive	698	22517	0.0	0.0	0.0
Lsativa	Lsat_1_v8_lg_2_gene_2671.t1	Lsat_1_v8_lg_2	-	True	exact_chain_control	180908959	180908959	True	-0.0055003956931019005	-0.0238039107603365	-0.02916987971815832	genecad_result/predictions/Lsativa_full_finetuned/Lsat_1_v8_lg_2/predictions_Lsat_1_v8_lg_2/predictions.0.zarr/negative	149	175854	True	-0.0055003956931019005	-0.0238039107603365	-0.02916987971815832	genecad_result/predictions/Lsativa_full_finetuned/Lsat_1_v8_lg_2/predictions_Lsat_1_v8_lg_2/predictions.0.zarr/negative	149	175854	0.0	0.0	0.0
Lsativa	Lsat_1_v8_lg_2_gene_2673.t1	Lsat_1_v8_lg_2	-	True	exact_chain_control	180926993	180926993	True	-0.004171028991915904	-0.015062864537808807	-0.019185493523965036	genecad_result/predictions/Lsativa_full_finetuned/Lsat_1_v8_lg_2/predictions_Lsat_1_v8_lg_2/predictions.0.zarr/negative	147	197984	True	-0.004171028991915904	-0.015062864537808807	-0.019185493523965036	genecad_result/predictions/Lsativa_full_finetuned/Lsat_1_v8_lg_2/predictions_Lsat_1_v8_lg_2/predictions.0.zarr/negative	147	197984	0.0	0.0	0.0
Lsativa	Lsat_1_v8_lg_2_gene_2805.t1	Lsat_1_v8_lg_2	-	True	changed_donor	184383432	184384071	True	-0.012752916745576215	-0.059703936641505084	-0.07258564685599511	genecad_result/predictions/Lsativa_full_finetuned/Lsat_1_v8_lg_2/predictions_Lsat_1_v8_lg_2/predictions.0.zarr/negative	134	56087	True	-8.765835618623559	-4.622769430961821	-13.388384826039722	genecad_result/predictions/Lsativa_full_finetuned/Lsat_1_v8_lg_2/predictions_Lsat_1_v8_lg_2/predictions.0.zarr/negative	134	56726	-8.753082701877982	-4.563065494320316	-13.315799179183728
Lsativa	Lsat_1_v8_lg_2_gene_2995.t1	Lsat_1_v8_lg_2	+	True	exact_chain_control	191602295	191602295	True	-0.005456491217861625	-0.026422113677971204	-0.03171325142473691	genecad_result/predictions/Lsativa_full_finetuned/Lsat_1_v8_lg_2/predictions_Lsat_1_v8_lg_2/predictions.0.zarr/positive	786	44663	True	-0.005456491217861625	-0.026422113677971204	-0.03171325142473691	genecad_result/predictions/Lsativa_full_finetuned/Lsat_1_v8_lg_2/predictions_Lsat_1_v8_lg_2/predictions.0.zarr/positive	786	44663	0.0	0.0	0.0
Lsativa	Lsat_1_v8_lg_3_gene_502.t1	Lsat_1_v8_lg_3	-	True	changed_donor	26490845	26489536	True	-0.04378895598954857	-0.08657564730731648	-0.1307625151525631	genecad_result/predictions/Lsativa_full_finetuned/Lsat_1_v8_lg_3/predictions_Lsat_1_v8_lg_3/predictions.0.zarr/negative	949	88113	True	-0.0004746885465438666	-0.0019620349603890475	-0.0024363571157710595	genecad_result/predictions/Lsativa_full_finetuned/Lsat_1_v8_lg_3/predictions_Lsat_1_v8_lg_3/predictions.0.zarr/negative	949	86804	0.043314267443004706	0.08461361234692744	0.12832615803679204
Lsativa	Lsat_1_v8_lg_3_gene_508.t1	Lsat_1_v8_lg_3	-	True	changed_donor	26685378	26684566	True	-0.0013168666247773686	-0.009319464861413884	-0.01063109394917472	genecad_result/predictions/Lsativa_full_finetuned/Lsat_1_v8_lg_3/predictions_Lsat_1_v8_lg_3/predictions.0.zarr/negative	948	43030	True	-0.0003036245133989368	-0.0024139172347652504	-0.0027174659555662117	genecad_result/predictions/Lsativa_full_finetuned/Lsat_1_v8_lg_3/predictions_Lsat_1_v8_lg_3/predictions.0.zarr/negative	948	42218	0.0010132421113784318	0.006905547626648634	0.007913627993608507
Lsativa	Lsat_1_v8_lg_3_gene_865.t1	Lsat_1_v8_lg_3	-	True	exact_chain_control	40481246	40481246	True	-0.031189531951010707	-0.11872589044700455	-0.14992300078067844	genecad_result/predictions/Lsativa_full_finetuned/Lsat_1_v8_lg_3/predictions_Lsat_1_v8_lg_3/predictions.0.zarr/negative	891	180786	True	-0.031189531951010707	-0.11872589044700455	-0.14992300078067844	genecad_result/predictions/Lsativa_full_finetuned/Lsat_1_v8_lg_3/predictions_Lsat_1_v8_lg_3/predictions.0.zarr/negative	891	180786	0.0	0.0	0.0
Lsativa	Lsat_1_v8_lg_3_gene_1741.t1	Lsat_1_v8_lg_3	-	True	exact_chain_control	77437771	77437771	True	-0.004241762797450477	-0.02357877964344368	-0.027708567264034478	genecad_result/predictions/Lsativa_full_finetuned/Lsat_1_v8_lg_3/predictions_Lsat_1_v8_lg_3/predictions.0.zarr/negative	739	232351	True	-0.004241762797450477	-0.02357877964344368	-0.027708567264034478	genecad_result/predictions/Lsativa_full_finetuned/Lsat_1_v8_lg_3/predictions_Lsat_1_v8_lg_3/predictions.0.zarr/negative	739	232351	0.0	0.0	0.0
Lsativa	Lsat_1_v8_lg_3_gene_1744.t1	Lsat_1_v8_lg_3	-	True	changed_donor	77690721	77691142	True	-0.009152444826133532	-0.024192998904361218	-0.033089934574105584	genecad_result/predictions/Lsativa_full_finetuned/Lsat_1_v8_lg_3/predictions_Lsat_1_v8_lg_3/predictions.0.zarr/negative	739	1973	True	-7.395573040452883	-5.647952231443939	-13.04248548631471	genecad_result/predictions/Lsativa_full_finetuned/Lsat_1_v8_lg_3/predictions_Lsat_1_v8_lg_3/predictions.0.zarr/negative	739	2394	-7.38642059562675	-5.6237592325395775	-13.009395551740605
Lsativa	Lsat_1_v8_lg_4_gene_43.t1	Lsat_1_v8_lg_4	-	True	changed_donor	2779920	2780638	True	-0.013552242407306458	-0.032824522152627544	-0.045924594741713065	genecad_result/predictions/Lsativa_full_finetuned/Lsat_1_v8_lg_4/predictions_Lsat_1_v8_lg_4/predictions.0.zarr/negative	1538	17733	True	-6.625636493001457	-5.730648891629074	-12.353694334977572	genecad_result/predictions/Lsativa_full_finetuned/Lsat_1_v8_lg_4/predictions_Lsat_1_v8_lg_4/predictions.0.zarr/negative	1538	18451	-6.61208425059415	-5.6978243694764465	-12.307769740235859
Lsativa	Lsat_1_v8_lg_4_gene_677.t1	Lsat_1_v8_lg_4	-	True	changed_donor	38186136	38185406	True	-0.008651918310693674	-0.08967065337516145	-0.09758286121402104	genecad_result/predictions/Lsativa_full_finetuned/Lsat_1_v8_lg_4/predictions_Lsat_1_v8_lg_4/predictions.0.zarr/negative	1393	3789	True	-0.0003848037151383821	-0.0022545080213891566	-0.0026425004565169274	genecad_result/predictions/Lsativa_full_finetuned/Lsat_1_v8_lg_4/predictions_Lsat_1_v8_lg_4/predictions.0.zarr/negative	1393	3059	0.008267114595555292	0.08741614535377229	0.09494036075750412
Lsativa	Lsat_1_v8_lg_4_gene_1075.t1	Lsat_1_v8_lg_4	-	True	changed_donor	56939104	56938556	True	-0.004534779935652544	-0.02015285017088342	-0.024566370210743038	genecad_result/predictions/Lsativa_full_finetuned/Lsat_1_v8_lg_4/predictions_Lsat_1_v8_lg_4/predictions.0.zarr/negative	1315	66709	True	-4.466667988349995	-0.03458631364320963	-4.501308646944113	genecad_result/predictions/Lsativa_full_finetuned/Lsat_1_v8_lg_4/predictions_Lsat_1_v8_lg_4/predictions.0.zarr/negative	1315	66161	-4.462133208414342	-0.014433463472326213	-4.47674227673337
Lsativa	Lsat_1_v8_lg_4_gene_1090.t1	Lsat_1_v8_lg_4	+	True	exact_chain_control	57523143	57523143	True	-0.01111315075045649	-0.035681410397160995	-0.046374680922598444	genecad_result/predictions/Lsativa_full_finetuned/Lsat_1_v8_lg_4/predictions_Lsat_1_v8_lg_4/predictions.0.zarr/positive	236	7111	True	-0.01111315075045649	-0.035681410397160995	-0.046374680922598444	genecad_result/predictions/Lsativa_full_finetuned/Lsat_1_v8_lg_4/predictions_Lsat_1_v8_lg_4/predictions.0.zarr/positive	236	7111	0.0	0.0	0.0
Lsativa	Lsat_1_v8_lg_4_gene_1485.t1	Lsat_1_v8_lg_4	-	True	exact_chain_control	78459053	78459053	True	-0.005701587134927966	-0.054031713722211716	-0.059478778933379495	genecad_result/predictions/Lsativa_full_finetuned/Lsat_1_v8_lg_4/predictions_Lsat_1_v8_lg_4/predictions.0.zarr/negative	1227	17122	True	-0.005701587134927966	-0.054031713722211716	-0.059478778933379495	genecad_result/predictions/Lsativa_full_finetuned/Lsat_1_v8_lg_4/predictions_Lsat_1_v8_lg_4/predictions.0.zarr/negative	1227	17122	0.0	0.0	0.0
Lsativa	Lsat_1_v8_lg_4_gene_2583.t1	Lsat_1_v8_lg_4	-	True	changed_donor	158133632	158132728	True	-0.003101074873579357	-0.01493474227206626	-0.018003737860508018	genecad_result/predictions/Lsativa_full_finetuned/Lsat_1_v8_lg_4/predictions_Lsat_1_v8_lg_4/predictions.0.zarr/negative	899	130997	True	-8.344141959280801	-0.010949781754309384	-8.355098934403621	genecad_result/predictions/Lsativa_full_finetuned/Lsat_1_v8_lg_4/predictions_Lsat_1_v8_lg_4/predictions.0.zarr/negative	899	130093	-8.34104088440722	0.003984960517756875	-8.337095196543114
Lsativa	Lsat_1_v8_lg_5_gene_303.t1	Lsat_1_v8_lg_5	+	True	changed_donor	25133950	25134541	True	-0.0043050722989042	-0.02033484098613414	-0.024552444759446068	genecad_result/predictions/Lsativa_full_finetuned/Lsat_1_v8_lg_5/predictions_Lsat_1_v8_lg_5/predictions.0.zarr/positive	103	31614	True	-11.312522686837497	-0.004283679515876493	-11.316814426589502	genecad_result/predictions/Lsativa_full_finetuned/Lsat_1_v8_lg_5/predictions_Lsat_1_v8_lg_5/predictions.0.zarr/positive	103	32205	-11.308217614538592	0.016051161470257647	-11.292261981830055
Lsativa	Lsat_1_v8_lg_5_gene_1367.t1	Lsat_1_v8_lg_5	-	True	exact_chain_control	139443221	139443221	True	-0.0028916512730212673	-0.013046145750245763	-0.015907169944795463	genecad_result/predictions/Lsativa_full_finetuned/Lsat_1_v8_lg_5/predictions_Lsat_1_v8_lg_5/predictions.0.zarr/negative	821	156147	True	-0.0028916512730212673	-0.013046145750245763	-0.015907169944795463	genecad_result/predictions/Lsativa_full_finetuned/Lsat_1_v8_lg_5/predictions_Lsat_1_v8_lg_5/predictions.0.zarr/negative	821	156147	0.0	0.0	0.0
Lsativa	Lsat_1_v8_lg_5_gene_3140.t1	Lsat_1_v8_lg_5	+	True	changed_donor	262050553	262051790	True	-0.006130358616788456	-0.029874204970190554	-0.03579957213023377	genecad_result/predictions/Lsativa_full_finetuned/Lsat_1_v8_lg_5/predictions_Lsat_1_v8_lg_5/predictions.0.zarr/positive	1075	60153	True	-0.005245806391186214	-0.018716634636597007	-0.023878459247339556	genecad_result/predictions/Lsativa_full_finetuned/Lsat_1_v8_lg_5/predictions_Lsat_1_v8_lg_5/predictions.0.zarr/positive	1075	61390	0.000884552225602242	0.011157570333593547	0.011921112882894214
Lsativa	Lsat_1_v8_lg_5_gene_3405.t1	Lsat_1_v8_lg_5	-	True	exact_chain_control	275434499	275434499	True	-0.002421830925294799	-0.022942202445071835	-0.025301342954165307	genecad_result/predictions/Lsativa_full_finetuned/Lsat_1_v8_lg_5/predictions_Lsat_1_v8_lg_5/predictions.0.zarr/negative	263	25057	True	-0.002421830925294799	-0.022942202445071835	-0.025301342954165307	genecad_result/predictions/Lsativa_full_finetuned/Lsat_1_v8_lg_5/predictions_Lsat_1_v8_lg_5/predictions.0.zarr/negative	263	25057	0.0	0.0	0.0
Lsativa	Lsat_1_v8_lg_5_gene_4032.t1	Lsat_1_v8_lg_5	+	True	exact_chain_control	309892718	309892718	True	-0.018109765341782325	-0.06133355205372393	-0.07923010254217111	genecad_result/predictions/Lsativa_full_finetuned/Lsat_1_v8_lg_5/predictions_Lsat_1_v8_lg_5/predictions.0.zarr/positive	1271	134766	True	-0.018109765341782325	-0.06133355205372393	-0.07923010254217111	genecad_result/predictions/Lsativa_full_finetuned/Lsat_1_v8_lg_5/predictions_Lsat_1_v8_lg_5/predictions.0.zarr/positive	1271	134766	0.0	0.0	0.0
Lsativa	Lsat_1_v8_lg_6_gene_59.t1	Lsat_1_v8_lg_6	-	True	exact_chain_control	3991589	3991589	True	-0.0013946236520450128	-0.010519671203698344	-0.011892787053924714	genecad_result/predictions/Lsativa_full_finetuned/Lsat_1_v8_lg_6/predictions_Lsat_1_v8_lg_6/predictions.0.zarr/negative	776	145325	True	-0.0013946236520450128	-0.010519671203698344	-0.011892787053924714	genecad_result/predictions/Lsativa_full_finetuned/Lsat_1_v8_lg_6/predictions_Lsat_1_v8_lg_6/predictions.0.zarr/negative	776	145325	0.0	0.0	0.0
Lsativa	Lsat_1_v8_lg_6_gene_109.t1	Lsat_1_v8_lg_6	+	True	changed_donor	7612110	7612257	True	-6.673578578925415	-0.5202434227377424	-7.194054391269255	genecad_result/predictions/Lsativa_full_finetuned/Lsat_1_v8_lg_6/predictions_Lsat_1_v8_lg_6/predictions.0.zarr/positive	31	57038	True	-2.7574121869869623	-0.33905110231872726	-3.0940983016388217	genecad_result/predictions/Lsativa_full_finetuned/Lsat_1_v8_lg_6/predictions_Lsat_1_v8_lg_6/predictions.0.zarr/positive	31	57185	3.916166391938453	0.18119232041901512	4.0999560896304335
Lsativa	Lsat_1_v8_lg_6_gene_447.t1	Lsat_1_v8_lg_6	+	True	exact_chain_control	20370614	20370614	True	-0.0054512633992755966	-0.017720949394361973	-0.023051889561780392	genecad_result/predictions/Lsativa_full_finetuned/Lsat_1_v8_lg_6/predictions_Lsat_1_v8_lg_6/predictions.0.zarr/positive	83	142518	True	-0.0054512633992755966	-0.017720949394361973	-0.023051889561780392	genecad_result/predictions/Lsativa_full_finetuned/Lsat_1_v8_lg_6/predictions_Lsat_1_v8_lg_6/predictions.0.zarr/positive	83	142518	0.0	0.0	0.0
Lsativa	Lsat_1_v8_lg_6_gene_615.t1	Lsat_1_v8_lg_6	+	True	changed_donor	28150364	28151381	True	-0.09303765675961828	-0.6879438925962651	-0.7810815568157428	genecad_result/predictions/Lsativa_full_finetuned/Lsat_1_v8_lg_6/predictions_Lsat_1_v8_lg_6/predictions.0.zarr/positive	115	123484	True	-0.007975610160534607	-0.053362934145155805	-0.0609364605453262	genecad_result/predictions/Lsativa_full_finetuned/Lsat_1_v8_lg_6/predictions_Lsat_1_v8_lg_6/predictions.0.zarr/positive	115	124501	0.08506204659908367	0.6345809584511093	0.7201450962704166
Lsativa	Lsat_1_v8_lg_6_gene_2136.t1	Lsat_1_v8_lg_6	-	True	changed_donor	132663823	132662746	True	-0.0019158947683308725	-0.008338107053145194	-0.010222041097310175	genecad_result/predictions/Lsativa_full_finetuned/Lsat_1_v8_lg_6/predictions_Lsat_1_v8_lg_6/predictions.0.zarr/negative	248	190871	True	-0.00039295662964100586	-0.0019076120592664836	-0.002299040667444352	genecad_result/predictions/Lsativa_full_finetuned/Lsat_1_v8_lg_6/predictions_Lsat_1_v8_lg_6/predictions.0.zarr/negative	248	189794	0.0015229381386898666	0.00643049499387871	0.007923000429865823
Lsativa	Lsat_1_v8_lg_6_gene_2288.t1	Lsat_1_v8_lg_6	+	True	changed_donor	143350154	143350261	True	-5.880609238489906	-0.5871420376067795	-6.468853947749472	genecad_result/predictions/Lsativa_full_finetuned/Lsat_1_v8_lg_6/predictions_Lsat_1_v8_lg_6/predictions.0.zarr/positive	588	47498	True	-8.43784044714442	-0.14832007939131397	-8.585933374021808	genecad_result/predictions/Lsativa_full_finetuned/Lsat_1_v8_lg_6/predictions_Lsat_1_v8_lg_6/predictions.0.zarr/positive	588	47605	-2.557231208654515	0.43882195821546555	-2.117079426272336
Lsativa	Lsat_1_v8_lg_6_gene_2523.t1	Lsat_1_v8_lg_6	-	True	exact_chain_control	156930351	156930351	True	-0.0030333472277144224	-0.01874378409978128	-0.021755070366125118	genecad_result/predictions/Lsativa_full_finetuned/Lsat_1_v8_lg_6/predictions_Lsat_1_v8_lg_6/predictions.0.zarr/negative	148	12471	True	-0.0030333472277144224	-0.01874378409978128	-0.021755070366125118	genecad_result/predictions/Lsativa_full_finetuned/Lsat_1_v8_lg_6/predictions_Lsat_1_v8_lg_6/predictions.0.zarr/negative	148	12471	0.0	0.0	0.0
Lsativa	Lsat_1_v8_lg_7_gene_623.t1	Lsat_1_v8_lg_7	-	True	changed_donor	24509867	24508059	True	-0.01558101471806772	-0.045408453182143926	-0.06095009722734801	genecad_result/predictions/Lsativa_full_finetuned/Lsat_1_v8_lg_7/predictions_Lsat_1_v8_lg_7/predictions.0.zarr/negative	702	180670	True	-0.0003848466070675016	-0.0018444913216129066	-0.0022267147549897004	genecad_result/predictions/Lsativa_full_finetuned/Lsat_1_v8_lg_7/predictions_Lsat_1_v8_lg_7/predictions.0.zarr/negative	702	178862	0.015196168111000219	0.04356396186053102	0.05872338247235831
Lsativa	Lsat_1_v8_lg_7_gene_624.t1	Lsat_1_v8_lg_7	-	True	changed_donor	24517739	24515917	True	-0.010734970838410796	-0.026030140825608505	-0.03649365832189311	genecad_result/predictions/Lsativa_full_finetuned/Lsat_1_v8_lg_7/predictions_Lsat_1_v8_lg_7/predictions.0.zarr/negative	702	188542	True	-0.000500947366425919	-0.0022273498160387817	-0.0027236420261056438	genecad_result/predictions/Lsativa_full_finetuned/Lsat_1_v8_lg_7/predictions_Lsat_1_v8_lg_7/predictions.0.zarr/negative	702	186720	0.010234023471984877	0.023802791009569724	0.033770016295787464
Lsativa	Lsat_1_v8_lg_7_gene_625.t1	Lsat_1_v8_lg_7	-	True	changed_donor	24592708	24590900	True	-0.017093508825050563	-0.04919919301936515	-0.0661934321085802	genecad_result/predictions/Lsativa_full_finetuned/Lsat_1_v8_lg_7/predictions_Lsat_1_v8_lg_7/predictions.0.zarr/negative	701	23895	True	-0.0004316739595431329	-0.0018202463269902935	-0.0022531196052986147	genecad_result/predictions/Lsativa_full_finetuned/Lsat_1_v8_lg_7/predictions_Lsat_1_v8_lg_7/predictions.0.zarr/negative	701	22087	0.01666183486550743	0.04737894669237486	0.06394031250328158
Lsativa	Lsat_1_v8_lg_7_gene_1133.t1	Lsat_1_v8_lg_7	-	True	exact_chain_control	49576264	49576264	True	-0.004080677456692605	-0.020886365238609095	-0.02488699684325546	genecad_result/predictions/Lsativa_full_finetuned/Lsat_1_v8_lg_7/predictions_Lsat_1_v8_lg_7/predictions.0.zarr/negative	599	83291	True	-0.004080677456692605	-0.020886365238609095	-0.02488699684325546	genecad_result/predictions/Lsativa_full_finetuned/Lsat_1_v8_lg_7/predictions_Lsat_1_v8_lg_7/predictions.0.zarr/negative	599	83291	0.0	0.0	0.0
Lsativa	Lsat_1_v8_lg_7_gene_1387.t1	Lsat_1_v8_lg_7	+	False	changed_donor	61403940	61404743	True	-0.053221112717384944	-0.15816342730273458	-0.21057658940055823	genecad_result/predictions/Lsativa_full_finetuned/Lsat_1_v8_lg_7/predictions_Lsat_1_v8_lg_7/predictions.0.zarr/positive	251	232228	True	-10.406295580472904	-0.11742768002391468	-10.523771483076779	genecad_result/predictions/Lsativa_full_finetuned/Lsat_1_v8_lg_7/predictions_Lsat_1_v8_lg_7/predictions.0.zarr/positive	251	233031	-10.353074467755519	0.0407357472788199	-10.31319489367622
Lsativa	Lsat_1_v8_lg_7_gene_1480.t1	Lsat_1_v8_lg_7	-	True	exact_chain_control	66866802	66866802	True	-0.002576768770565785	-0.01968756039805797	-0.02221078447171454	genecad_result/predictions/Lsativa_full_finetuned/Lsat_1_v8_lg_7/predictions_Lsat_1_v8_lg_7/predictions.0.zarr/negative	529	117381	True	-0.002576768770565785	-0.01968756039805797	-0.02221078447171454	genecad_result/predictions/Lsativa_full_finetuned/Lsat_1_v8_lg_7/predictions_Lsat_1_v8_lg_7/predictions.0.zarr/negative	529	117381	0.0	0.0	0.0
Lsativa	Lsat_1_v8_lg_7_gene_1485.t1	Lsat_1_v8_lg_7	+	True	changed_donor	67259208	67260119	True	-10.250050222957931	-0.20133673103075544	-10.451444875182688	genecad_result/predictions/Lsativa_full_finetuned/Lsat_1_v8_lg_7/predictions_Lsat_1_v8_lg_7/predictions.0.zarr/positive	275	238408	True	-0.003686912786447394	-0.013251808210484661	-0.016899066994382927	genecad_result/predictions/Lsativa_full_finetuned/Lsat_1_v8_lg_7/predictions_Lsat_1_v8_lg_7/predictions.0.zarr/positive	275	239319	10.246363310171484	0.18808492282027078	10.434545808188304
Lsativa	Lsat_1_v8_lg_7_gene_1535.t1	Lsat_1_v8_lg_7	+	True	changed_donor	70202159	70202936	True	-0.002754294432455673	-0.01502452458127923	-0.017708194615893014	genecad_result/predictions/Lsativa_full_finetuned/Lsat_1_v8_lg_7/predictions_Lsat_1_v8_lg_7/predictions.0.zarr/positive	288	13103	True	-0.000483581053853932	-0.003010543438453972	-0.0034940853175235986	genecad_result/predictions/Lsativa_full_finetuned/Lsat_1_v8_lg_7/predictions_Lsat_1_v8_lg_7/predictions.0.zarr/positive	288	13880	0.002270713378601741	0.012013981142825259	0.014214109298369415
Lsativa	Lsat_1_v8_lg_8_gene_497.t1	Lsat_1_v8_lg_8	+	True	exact_chain_control	21565633	21565633	True	-0.006133820969347781	-0.02750374421441748	-0.033466721504124664	genecad_result/predictions/Lsativa_full_finetuned/Lsat_1_v8_lg_8/predictions_Lsat_1_v8_lg_8/predictions.0.zarr/positive	88	118977	True	-0.006133820969347781	-0.02750374421441748	-0.033466721504124664	genecad_result/predictions/Lsativa_full_finetuned/Lsat_1_v8_lg_8/predictions_Lsat_1_v8_lg_8/predictions.0.zarr/positive	88	118977	0.0	0.0	0.0
Lsativa	Lsat_1_v8_lg_8_gene_835.t1	Lsat_1_v8_lg_8	+	False	changed_donor	34425430	34427493	True	-5.446453095232876	-0.33795836260678014	-5.784579521279664	genecad_result/predictions/Lsativa_full_finetuned/Lsat_1_v8_lg_8/predictions_Lsat_1_v8_lg_8/predictions.0.zarr/positive	141	62038	True	-0.014794084216831926	-0.01299746648070954	-0.02760578972036143	genecad_result/predictions/Lsativa_full_finetuned/Lsat_1_v8_lg_8/predictions_Lsat_1_v8_lg_8/predictions.0.zarr/positive	141	64101	5.431659011016044	0.3249608961260706	5.756973731559302
Lsativa	Lsat_1_v8_lg_8_gene_1754.t1	Lsat_1_v8_lg_8	+	True	changed_donor	86523749	86524575	True	-0.003276663987385575	-0.02418012845177131	-0.027375692574194588	genecad_result/predictions/Lsativa_full_finetuned/Lsat_1_v8_lg_8/predictions_Lsat_1_v8_lg_8/predictions.0.zarr/positive	355	5989	True	-0.001697335182568871	-0.01106622434783322	-0.012737543703831733	genecad_result/predictions/Lsativa_full_finetuned/Lsat_1_v8_lg_8/predictions_Lsat_1_v8_lg_8/predictions.0.zarr/positive	355	6815	0.0015793288048167042	0.01311390410393809	0.014638148870362855
Lsativa	Lsat_1_v8_lg_8_gene_2195.t1	Lsat_1_v8_lg_8	-	True	changed_donor	111416810	111415472	True	-0.00578014321425524	-0.033118625594121376	-0.03873169325342474	genecad_result/predictions/Lsativa_full_finetuned/Lsat_1_v8_lg_8/predictions_Lsat_1_v8_lg_8/predictions.0.zarr/negative	813	155122	True	-0.0003569510296639322	-0.0019025599887934064	-0.0022626747777136913	genecad_result/predictions/Lsativa_full_finetuned/Lsat_1_v8_lg_8/predictions_Lsat_1_v8_lg_8/predictions.0.zarr/negative	813	153784	0.005423192184591308	0.03121606560532797	0.036469018475711046
Lsativa	Lsat_1_v8_lg_8_gene_2837.t1	Lsat_1_v8_lg_8	-	True	exact_chain_control	145313310	145313310	True	-0.003588806661690036	-0.019907703575439584	-0.023457059174791794	genecad_result/predictions/Lsativa_full_finetuned/Lsat_1_v8_lg_8/predictions_Lsat_1_v8_lg_8/predictions.0.zarr/negative	675	17958	True	-0.003588806661690036	-0.019907703575439584	-0.023457059174791794	genecad_result/predictions/Lsativa_full_finetuned/Lsat_1_v8_lg_8/predictions_Lsat_1_v8_lg_8/predictions.0.zarr/negative	675	17958	0.0	0.0	0.0
Lsativa	Lsat_1_v8_lg_9_gene_161.t1	Lsat_1_v8_lg_9	-	True	exact_chain_control	5698331	5698331	True	-0.001713698080590298	-0.009273228733276184	-0.010977888148532067	genecad_result/predictions/Lsativa_full_finetuned/Lsat_1_v8_lg_9/predictions_Lsat_1_v8_lg_9/predictions.0.zarr/negative	815	198248	True	-0.001713698080590298	-0.009273228733276184	-0.010977888148532067	genecad_result/predictions/Lsativa_full_finetuned/Lsat_1_v8_lg_9/predictions_Lsat_1_v8_lg_9/predictions.0.zarr/negative	815	198248	0.0	0.0	0.0
Lsativa	Lsat_1_v8_lg_9_gene_371.t1	Lsat_1_v8_lg_9	+	True	changed_donor	14608204	14608985	True	-0.0066862030749481605	-0.018706989404218	-0.025249648018906612	genecad_result/predictions/Lsativa_full_finetuned/Lsat_1_v8_lg_9/predictions_Lsat_1_v8_lg_9/predictions.0.zarr/positive	59	229196	True	-0.0004509066841267284	-0.001599850355733956	-0.0020518396756497026	genecad_result/predictions/Lsativa_full_finetuned/Lsat_1_v8_lg_9/predictions_Lsat_1_v8_lg_9/predictions.0.zarr/positive	59	229977	0.006235296390821432	0.017107139048484044	0.02319780834325691
Lsativa	Lsat_1_v8_lg_9_gene_1271.t1	Lsat_1_v8_lg_9	-	True	exact_chain_control	46161725	46161725	True	-0.0016618390803850858	-0.008459182965869338	-0.01010324334042867	genecad_result/predictions/Lsativa_full_finetuned/Lsat_1_v8_lg_9/predictions_Lsat_1_v8_lg_9/predictions.0.zarr/negative	649	45706	True	-0.0016618390803850858	-0.008459182965869338	-0.01010324334042867	genecad_result/predictions/Lsativa_full_finetuned/Lsat_1_v8_lg_9/predictions_Lsat_1_v8_lg_9/predictions.0.zarr/negative	649	45706	0.0	0.0	0.0
Lsativa	Lsat_1_v8_lg_9_gene_1273.t1	Lsat_1_v8_lg_9	-	True	exact_chain_control	46212530	46212530	True	-0.0017343566901217855	-0.010917364686645392	-0.012619142928663507	genecad_result/predictions/Lsativa_full_finetuned/Lsat_1_v8_lg_9/predictions_Lsat_1_v8_lg_9/predictions.0.zarr/negative	649	96511	True	-0.0017343566901217855	-0.010917364686645392	-0.012619142928663507	genecad_result/predictions/Lsativa_full_finetuned/Lsat_1_v8_lg_9/predictions_Lsat_1_v8_lg_9/predictions.0.zarr/negative	649	96511	0.0	0.0	0.0
Lsativa	Lsat_1_v8_lg_9_gene_1308.t1	Lsat_1_v8_lg_9	+	False	changed_donor	47708162	47708711	True	-10.937527092480678	-0.1642506136367201	-11.101826641460878	genecad_result/predictions/Lsativa_full_finetuned/Lsat_1_v8_lg_9/predictions_Lsat_1_v8_lg_9/predictions.0.zarr/positive	195	184322	True	-10.687536767333611	-0.10806186837346843	-10.795667425061495	genecad_result/predictions/Lsativa_full_finetuned/Lsat_1_v8_lg_9/predictions_Lsat_1_v8_lg_9/predictions.0.zarr/positive	195	184871	0.24999032514706698	0.05618874526325168	0.3061592163993829
Lsativa	Lsat_1_v8_lg_9_gene_1881.t1	Lsat_1_v8_lg_9	+	True	changed_donor	73990355	73991874	True	-0.01684391851936118	-0.0772273749876713	-0.09398374971853629	genecad_result/predictions/Lsativa_full_finetuned/Lsat_1_v8_lg_9/predictions_Lsat_1_v8_lg_9/predictions.0.zarr/positive	303	145619	True	-0.0028927794491764303	-0.009862821652770748	-0.012717523228687355	genecad_result/predictions/Lsativa_full_finetuned/Lsat_1_v8_lg_9/predictions_Lsat_1_v8_lg_9/predictions.0.zarr/positive	303	147138	0.013951139070184748	0.06736455333490055	0.08126622648984894
Lsativa	Lsat_1_v8_lg_9_gene_1882.t1	Lsat_1_v8_lg_9	+	True	changed_donor	74044815	74046319	True	-0.007578564827858347	-0.04776235961419939	-0.054952368465200685	genecad_result/predictions/Lsativa_full_finetuned/Lsat_1_v8_lg_9/predictions_Lsat_1_v8_lg_9/predictions.0.zarr/positive	303	200079	True	-0.002803678862112413	-0.00994965479873855	-0.012719770582732437	genecad_result/predictions/Lsativa_full_finetuned/Lsat_1_v8_lg_9/predictions_Lsat_1_v8_lg_9/predictions.0.zarr/positive	303	201583	0.004774885965745934	0.03781270481546084	0.04223259788246825
Lsativa	Lsat_1_v8_lg_9_gene_2516.t1	Lsat_1_v8_lg_9	-	True	exact_chain_control	139738268	139738268	True	-0.0013852863066246002	-0.011916733027528714	-0.013294354865364788	genecad_result/predictions/Lsativa_full_finetuned/Lsat_1_v8_lg_9/predictions_Lsat_1_v8_lg_9/predictions.0.zarr/negative	265	159721	True	-0.0013852863066246002	-0.011916733027528714	-0.013294354865364788	genecad_result/predictions/Lsativa_full_finetuned/Lsat_1_v8_lg_9/predictions_Lsat_1_v8_lg_9/predictions.0.zarr/negative	265	159721	0.0	0.0	0.0
Lsativa	Lsat_1_v8_lg_9_gene_2784.t1	Lsat_1_v8_lg_9	-	True	changed_donor	155642787	155650520	True	-12.781254545108286	-0.07422696914909199	-12.855487068192243	genecad_result/predictions/Lsativa_full_finetuned/Lsat_1_v8_lg_9/predictions_Lsat_1_v8_lg_9/predictions.0.zarr/negative	200	5872	True	-0.003288413977334592	-0.01732525207209612	-0.020575429550476088	genecad_result/predictions/Lsativa_full_finetuned/Lsat_1_v8_lg_9/predictions_Lsat_1_v8_lg_9/predictions.0.zarr/negative	200	13605	12.777966131130952	0.05690171707699587	12.834911638641767
Lsativa	Lsat_1_v8_lg_9_gene_2929.t1	Lsat_1_v8_lg_9	-	True	exact_chain_control	166423002	166423002	True	-0.001307331315758553	-0.010678649696767906	-0.01197522110145055	genecad_result/predictions/Lsativa_full_finetuned/Lsat_1_v8_lg_9/predictions_Lsat_1_v8_lg_9/predictions.0.zarr/negative	155	3367	True	-0.001307331315758553	-0.010678649696767906	-0.01197522110145055	genecad_result/predictions/Lsativa_full_finetuned/Lsat_1_v8_lg_9/predictions_Lsat_1_v8_lg_9/predictions.0.zarr/negative	155	3367	0.0	0.0	0.0
Athaliana	OZ408686.1_gene_278.t1	OZ408686.1	-	False	exact_chain_control	4923721	4923721	False							False
Athaliana	OZ408686.1_gene_701.t1	OZ408686.1	+	False	exact_chain_control	13344422	13344422	False							False
Athaliana	OZ408686.1_gene_1579.t1	OZ408686.1	-	False	exact_chain_control	17039416	17039416	False							False
Athaliana	OZ408686.1_gene_1852.t1	OZ408686.1	+	False	exact_chain_control	18130732	18130732	False							False
Athaliana	OZ408686.1_gene_2211.t1	OZ408686.1	-	False	exact_chain_control	19504461	19504461	False							False
Athaliana	OZ408686.1_gene_2412.t1	OZ408686.1	-	False	exact_chain_control	20240197	20240197	False							False
Athaliana	OZ408686.1_gene_2795.t1	OZ408686.1	+	False	exact_chain_control	21563166	21563166	False							False
Athaliana	OZ408686.1_gene_2910.t1	OZ408686.1	-	False	exact_chain_control	21984438	21984438	False							False
Athaliana	OZ408686.1_gene_3456.t1	OZ408686.1	+	False	exact_chain_control	24012773	24012773	False							False
